"ABDALA de MATARAZZO, Norma Amanda",OTROS,Santiago del Estero,0,1,1,1,1,1,1,1,1,1,1,1,1,1,1,1,1,1,1,1,1,1,2,2,2,2,2,2,2,2,1,1,1,1,1,2,2,2,2,2,2,1,1,1,1,1,1,1,1,1,1,1,1,1,1
"ACOSTA, Maria Julia",FPV,Catamarca,0,1,1,1,1,1,1,1,1,1,1,1,1,1,1,1,1,1,1,1,1,1,1,1,1,1,1,1,1,1,1,1,1,1,1,1,1,1,1,1,2,,,,,,,,,,,,,,
"AGOSTO, Walter Alfredo",OTROS,Santa Fe,2,2,2,2,2,2,2,2,2,2,2,2,1,2,2,2,2,2,2,2,1,1,1,2,2,2,2,1,1,2,1,1,1,1,1,2,2,2,2,2,2,,,,,,,,,,,,,,
"AGUAD, Oscar Raul",UCR,Cordoba,1,2,2,2,2,1,2,2,1,1,1,1,1,2,2,2,2,2,2,2,1,2,1,1,2,2,2,2,2,2,1,1,2,2,2,2,2,,2,2,2,0,0,0,0,0,0,0,2,0,0,0,1,2,2
"AGUILAR, Lino Walter",FPER,San Luis,,,,,,,,,,,,,,,,,,,,,,,,,,,,,,,,,,,,,,,,,,0,0,0,0,1,1,0,2,0,0,1,1,2,2
"AGUIRRE de SORIA, Hilda Clelia",FPV,La Rioja,0,1,1,1,1,1,1,1,1,1,1,1,1,1,1,1,1,1,1,1,1,1,1,1,1,1,1,1,1,1,1,1,1,9,1,9,0,0,1,1,2,,,,,,,,,,,,,,
"ALBARRACIN, Jorge Luis",UCR,Mendoza,,,,,,,,,,,,,,,,,,,,,,,,,,,,,,,,,,,,,,,,,,0,0,0,0,2,0,0,0,0,0,0,1,1,0
"ALBRIEU, Oscar",FPV,Rio Negro,0,1,1,1,1,1,1,1,1,1,1,1,1,1,1,1,1,1,1,1,1,1,1,1,1,1,1,1,1,1,1,1,1,1,1,1,0,0,1,1,1,1,1,1,1,1,1,1,1,1,1,1,1,1,1
"ALCUAZ, Horacio Alberto",OTROS,Buenos Aires,2,2,2,2,2,1,1,2,1,1,0,1,2,2,1,1,1,1,1,1,1,1,1,2,2,2,2,2,2,1,1,1,1,1,1,1,1,2,2,1,1,,,,,,,,,,,,,,
"ALFARO, German Enrique",FPV,Tucuman,0,1,1,1,1,1,1,1,1,1,1,1,1,1,1,1,1,1,1,1,1,1,1,1,1,1,1,1,1,2,1,1,,,,,,,,,,,,,,,,,,,,,,,
"ALFONSIN, Ricardo Luis",UCR,Buenos Aires,1,1,1,1,1,1,2,1,1,1,1,1,1,2,2,2,2,2,2,2,2,2,2,2,2,2,2,2,2,2,2,2,1,1,1,1,1,1,1,1,1,0,0,0,0,0,0,0,0,0,0,0,1,1,0
"ALIZEGUI, Antonio Anibal",FPV,Entre Rios,0,1,1,1,1,1,1,1,1,1,1,1,1,1,1,1,1,1,1,1,1,1,1,1,1,1,1,1,1,1,1,1,2,2,2,2,2,2,2,2,2,,,,,,,,,,,,,,
"ALONSO, Gumersindo Federico",OTROS,Cordoba,1,2,2,2,2,2,2,2,2,2,2,2,1,1,1,1,1,1,1,1,1,1,1,2,2,2,2,2,2,2,1,1,2,2,2,0,0,0,1,1,1,0,0,0,0,1,9,0,1,0,0,0,1,2,2
"ALONSO, Laura",PRO,Cdad. Aut. Bs. As.,1,1,1,1,1,1,1,1,1,1,1,1,2,2,2,2,2,2,2,2,9,1,2,2,2,2,2,2,2,1,1,1,1,1,1,1,1,1,2,1,1,0,0,0,0,0,1,0,1,0,0,1,2,2,2
"ALONSO, Maria Luz",FPV,La Pampa,,,,,,,,,,,,,,,,,,,,,,,,,,,,,,,,,,,,,,,,,,1,1,1,1,1,1,1,1,1,1,1,1,1,1
"ALVAREZ, Elsa Maria",UCR,Santa Cruz,1,1,1,1,2,1,1,1,1,1,1,1,1,1,1,1,1,1,1,1,1,1,1,1,0,1,1,1,1,1,1,1,1,1,1,1,1,1,1,1,1,0,0,0,0,0,0,0,0,0,0,0,1,1,0
"ALVAREZ, Jorge Mario",UCR,Santa Fe,1,1,1,1,1,1,1,1,1,1,9,1,1,1,2,1,1,1,1,1,1,2,1,1,0,1,1,1,1,1,1,1,1,1,1,1,0,0,2,1,1,0,0,9,0,0,0,0,0,0,0,0,1,2,0
"ALVAREZ, Juan Jose",OTROS,Buenos Aires,2,2,2,1,1,1,1,1,1,1,1,1,1,2,2,2,2,2,2,2,1,1,1,1,1,1,1,1,1,1,1,2,2,2,2,2,2,2,2,2,2,,,,,,,,,,,,,,
"ALVARO, Hector Jorge",OTROS,Mendoza,1,1,1,1,1,1,1,1,1,1,1,1,2,2,2,2,1,1,1,1,1,1,1,1,1,1,1,1,1,1,1,1,1,1,1,1,1,1,1,2,2,,,,,,,,,,,,,,
"AMADEO, Eduardo Pablo",FPER,Buenos Aires,1,2,1,1,1,1,1,1,1,1,0,1,1,1,1,1,1,1,1,1,2,2,1,2,2,2,2,2,2,2,1,1,1,1,1,1,0,0,1,1,1,0,0,0,0,1,1,0,1,0,0,1,1,2,2
"ARAGON, Santiago",FPV,Buenos Aires,,,,,,,,,,,,,,,,,,,,,,,,,,,,,,,,,,,,,,,,,,1,1,1,1,1,1,1,1,1,1,1,1,1,1
"ARBO, Jose Ameghino",OTROS,Corrientes,1,1,1,1,2,2,2,2,2,2,2,2,2,2,2,2,2,2,2,2,2,2,2,2,2,2,2,2,2,1,1,1,1,1,1,0,0,0,2,2,2,,,,,,,,,,,,,,
"ARENA, Celia Isabel",OTROS,Santa Fe,1,2,1,1,1,1,1,1,1,1,0,1,1,1,1,1,1,1,1,1,1,1,1,1,1,1,1,1,1,1,2,2,1,1,1,1,1,1,1,1,1,1,1,1,1,1,1,1,1,1,2,2,1,1,1
"ARETA, Maria Josefa",OTROS,Corrientes,0,1,1,1,1,1,1,1,1,1,1,1,1,1,1,1,1,1,1,1,1,1,2,2,2,2,2,2,2,1,1,1,1,1,1,1,1,1,1,1,1,,,,,,,,,,,,,,
"ARGUELLO, Octavio",FPV,Buenos Aires,0,1,1,1,1,1,1,1,1,1,1,1,1,1,1,1,1,1,1,1,1,1,1,2,1,1,1,1,1,2,1,1,1,1,1,9,0,0,1,1,1,,,,,,,,,,,,,,
"ARGUMEDO, Alcira Susana",OTROS,Cdad. Aut. Bs. As.,0,1,9,1,0,1,1,1,0,0,0,1,1,1,2,2,1,1,1,1,1,9,1,2,2,2,2,2,2,2,1,1,1,1,1,1,1,1,1,1,1,0,0,0,0,1,0,0,0,9,0,1,1,2,2
"ARREGUI, Andres",FPV,Buenos Aires,,,,,,,,,,,,,,,,,,,,,,,,,,,,,,,,,,,,,,,,,,1,1,1,1,1,1,1,1,1,1,1,1,1,1
"ASEF, Daniel Edgardo",OTROS,Cordoba,0,1,1,1,1,1,1,1,1,1,1,1,1,1,1,1,1,1,1,1,1,1,1,2,2,2,1,1,1,1,1,1,1,2,1,1,1,1,1,2,2,,,,,,,,,,,,,,
"ASPIAZU, Lucio Bernardo",UCR,Corrientes,1,1,1,1,2,1,1,1,2,2,2,2,1,1,1,1,1,1,1,1,2,2,2,2,2,2,2,2,2,1,2,2,1,1,1,1,1,2,2,2,1,0,0,0,0,0,0,0,0,0,0,0,1,0,2
"ASSEFF, Alberto",FPER,Buenos Aires,,,,,,,,,,,,,,,,,,,,,,,,,,,,,,,,,,,,,,,,,,2,2,2,2,2,2,2,2,2,2,2,2,2,2
"ATANASOF, Alfredo Nestor",FPER,Buenos Aires,1,1,1,1,1,1,1,1,1,1,0,1,2,2,2,2,2,2,2,2,2,1,1,1,0,2,2,2,2,1,2,2,1,1,1,1,0,1,1,1,1,0,0,0,0,1,1,0,1,0,2,2,1,2,2
"AVOSCAN, Herman",FPV,Rio Negro,,,,,,,,,,,,,,,,,,,,,,,,,,,,,,,,,,,,,,,,,,1,1,1,1,1,1,1,1,1,1,1,1,1,1
"BALCEDO, Maria Ester",FPV,Buenos Aires,,,,,,,,,,,,,,,,,,,,,,,,,,,,,,,,,,,,,,,,,,1,1,1,1,1,1,1,1,1,1,1,1,1,1
"BALDATA, Griselda Angela",CC,Cordoba,0,1,1,1,1,1,1,1,0,9,0,1,1,2,2,2,2,2,2,2,9,2,2,2,2,2,2,2,2,2,2,2,1,1,1,1,1,1,1,1,1,,,,,,,,,,,,,,
"BARBIERI, Mario Leandro",UCR,Buenos Aires,1,1,1,1,1,1,1,1,1,1,1,1,1,1,1,1,1,1,1,1,1,2,2,2,2,2,2,2,2,1,1,1,2,2,1,1,2,2,2,2,2,0,0,0,0,0,0,0,0,0,0,0,1,1,0
"BARCHETTA, Omar",PS,Santa Fe,,,,,,,,,,,,,,,,,,,,,,,,,,,,,,,,,,,,,,,,,,0,0,0,0,1,9,0,1,0,0,0,1,1,1
"BARRANDEGUY, Raul Enrique",FPV,Entre Rios,0,1,1,1,1,1,1,1,2,2,2,2,1,1,1,1,1,1,1,1,1,1,1,1,1,1,1,1,1,1,1,1,1,1,1,1,9,9,1,1,1,1,1,1,1,1,1,1,1,1,1,1,1,1,1
"BARRIOS, Miguel Angel",PS,Santa Fe,0,1,1,1,1,1,1,1,1,1,0,9,1,1,1,2,1,1,1,1,1,2,1,1,0,1,1,1,1,1,1,1,1,1,1,1,1,1,2,1,1,,,,,,,,,,,,,,
"BASTEIRO, Sergio Ariel",OTROS,Buenos Aires,0,1,1,1,9,1,1,1,1,1,1,1,1,1,1,1,1,1,1,1,1,1,1,1,2,2,2,2,2,1,1,1,1,1,1,1,1,1,1,1,1,,,,,,,,,,,,,,
"BASTERRA, Luis Eugenio",FPV,Formosa,,,,,,,,,,,,,,,,,,,,,,,,,,,,,,,,,,,,,,,,,,1,1,1,1,1,1,1,1,1,1,1,1,1,1
"BAZZE, Miguel",UCR,Buenos Aires,,,,,,,,,,,,,,,,,,,,,,,,,,,,,,,,,,,,,,,,,,0,0,0,0,0,0,0,0,0,0,0,1,1,0
"BEDANO, Nora Esther",FPV,Cordoba,0,1,1,1,1,1,2,2,2,2,2,2,1,1,1,1,1,1,1,1,1,1,2,2,2,2,2,2,2,1,1,1,1,1,1,1,1,1,1,1,2,1,1,1,1,1,1,1,1,1,1,1,1,1,1
"BELOUS, Nelida",OTROS,Tierra del Fuego,0,1,1,1,2,1,1,1,1,1,1,2,2,2,2,2,2,2,2,2,1,1,2,2,2,2,2,2,2,2,1,1,1,1,1,1,1,1,1,1,2,,,,,,,,,,,,,,
"BENAS, Veronica Claudia",OTROS,Santa Fe,0,1,9,1,2,1,1,1,0,0,0,1,1,1,1,9,1,1,1,1,1,9,1,9,0,1,9,1,1,1,1,1,1,1,1,1,1,1,1,1,1,,,,,,,,,,,,,,
"BENEDETTI, Atilio",UCR,Entre Rios,1,1,1,1,2,1,1,2,1,1,1,1,1,1,1,2,1,1,1,1,1,1,1,2,0,1,1,1,1,1,1,1,1,1,1,1,1,1,1,1,1,0,0,0,0,0,0,0,0,0,0,0,1,1,0
"BERNAL, Maria Eugenia",FPV,Jujuy,0,1,1,1,1,1,1,1,1,1,1,1,1,1,1,1,1,1,1,1,1,1,1,1,1,1,1,1,1,1,1,1,1,1,1,2,2,1,1,1,1,1,1,1,1,1,1,1,1,1,1,1,1,1,1
"BERTOL, Paula Maria",PRO,Cdad. Aut. Bs. As.,1,2,1,1,1,1,1,1,1,1,9,1,1,2,1,1,1,1,2,2,2,2,1,1,1,1,1,1,1,1,1,1,1,1,1,1,0,0,1,1,1,0,0,0,0,0,1,0,1,0,0,1,1,2,2
"BERTONE, Rosana Andrea",FPV,Tierra del Fuego,2,1,1,1,1,2,2,2,2,2,2,2,1,1,1,1,1,1,2,2,1,1,2,2,2,2,2,2,2,1,1,1,1,1,1,2,2,2,2,2,2,1,1,1,1,1,1,1,1,1,1,1,1,1,1
"BIANCHI, Ivana Maria",FPER,San Luis,1,1,1,1,2,2,2,2,2,2,2,2,2,2,2,2,2,2,2,2,1,1,2,2,2,2,2,2,2,2,1,1,1,1,1,0,0,9,1,1,9,0,0,0,0,1,1,0,1,0,1,1,1,2,2
"BIANCHI, Maria del Carmen",FPV,San Luis,,,,,,,,,,,,,,,,,,,,,,,,,,,,,,,,,,,,,,,,,,1,1,1,1,1,1,1,1,1,1,1,1,1,1
"BIDEGAIN, Gloria",FPV,Buenos Aires,0,1,1,1,1,1,1,1,1,1,1,1,1,1,1,1,1,1,1,1,1,1,2,2,2,2,2,2,2,2,2,2,2,2,2,1,1,1,1,1,2,1,1,1,1,1,1,1,1,1,1,1,1,1,1
"BIELLA, Bernardo Jose",OTROS,Salta,,,,,,,,,,,,,,,,,,,,,,,,,,,,,,,,,,,,,,,,,,0,0,0,0,0,0,0,0,2,2,2,2,2,2
"BLANCO de PERALTA, Blanca",FPV,Santa Cruz,0,1,1,1,1,1,1,1,1,1,1,1,1,1,1,1,1,1,2,2,1,1,2,2,2,2,2,2,2,2,1,1,1,1,1,1,1,1,2,2,2,1,1,1,1,1,1,1,1,1,1,1,1,1,1
"BONASSO, Miguel Luis",OTROS,Cdad. Aut. Bs. As.,0,1,1,1,0,1,1,1,0,0,0,1,1,2,2,2,2,2,2,2,2,2,2,2,2,2,2,2,2,2,2,2,2,2,2,2,2,2,2,2,2,,,,,,,,,,,,,,
"BRAWER, Mara",FPV,Cdad. Aut. Bs. As.,,,,,,,,,,,,,,,,,,,,,,,,,,,,,,,,,,,,,,,,,,1,1,1,1,1,1,1,1,1,1,1,1,1,1
"BRILLO, Jose Ricardo",OTROS,Neuquen,0,1,1,1,1,1,2,2,2,2,2,2,1,2,2,2,2,2,1,1,1,1,1,1,1,1,1,1,1,1,2,2,1,1,1,1,1,1,1,1,1,1,1,1,1,1,1,1,1,1,1,1,1,1,1
"BRIZUELA Y DORIA, Ines",UCR,La Rioja,,,,,,,,,,,,,,,,,,,,,,,,,,,,,,,,,,,,,,,,,,0,0,0,0,0,0,0,0,0,0,0,1,1,0
"BROMBERG, Benjamin",FPV,Tucuman,,,,,,,,,,,,,,,,,,,,,,,,,,,,,,,,,,,,,,,,,,1,1,1,1,1,1,1,1,1,1,1,1,1,1
"BROWN, Carlos",FPER,Buenos Aires,,,,,,,,,,,,,,,,,,,,,,,,,,,,,,,,,,,,,,,,,,0,0,0,0,1,1,0,1,0,0,0,1,2,2
"BRUE, Daniel Agustin",OTROS,Santiago del Estero,0,2,2,2,2,2,2,2,2,2,2,2,2,2,2,2,2,2,2,2,1,1,2,1,1,1,1,1,1,1,1,1,1,1,1,2,2,2,2,2,2,1,1,1,1,1,1,1,1,1,1,1,2,1,1
"BULLRICH, Patricia",OTROS,Cdad. Aut. Bs. As.,2,2,2,2,2,2,2,2,2,2,2,2,2,2,1,1,2,2,2,2,2,2,1,1,1,1,1,9,1,1,1,1,1,1,1,1,0,0,1,1,1,0,0,0,0,0,0,0,0,0,2,2,1,2,2
"BURYAILE, Ricardo",UCR,Formosa,1,2,2,2,2,2,2,2,2,2,2,2,2,2,2,2,2,2,2,2,9,2,2,2,2,2,2,2,2,1,1,1,2,1,1,1,2,2,2,2,1,0,0,0,0,0,0,0,0,0,0,0,1,1,0
"CALCAGNO, Eric",FPV,Buenos Aires,,,,,,,,,,,,,,,,,,,,,,,,,,,,,,,,,,,,,,,,,,1,1,1,1,1,1,1,1,1,1,1,1,1,1
"CALCHAQUI, Mariel",FPV,Tierra del Fuego,0,1,1,1,1,1,1,1,1,1,1,1,1,1,1,1,1,1,1,1,1,1,1,1,1,1,1,1,1,1,1,1,2,2,2,2,2,2,2,2,2,,,,,,,,,,,,,,
"CAMAnO, Graciela",FPER,Buenos Aires,0,2,2,2,2,2,2,2,2,2,2,2,1,2,2,2,2,2,2,2,1,2,2,2,2,2,2,2,2,2,1,9,1,1,1,0,2,2,2,2,2,2,2,2,2,2,2,2,2,2,2,2,2,2,2
"CARCA, Elisa Beatriz",CC,Buenos Aires,0,1,2,1,2,1,1,1,0,0,0,1,1,1,1,1,1,1,1,1,2,2,1,1,0,9,1,2,2,1,1,1,1,1,1,1,1,1,1,9,1,,,,,,,,,,,,,,
"CARDELLI, Jorge Justo",OTROS,Cdad. Aut. Bs. As.,0,2,9,1,0,2,2,2,0,0,0,1,1,2,2,2,2,2,2,2,1,2,1,2,2,2,2,2,2,1,1,1,2,1,1,1,1,1,1,2,1,0,0,0,0,1,0,0,0,9,0,1,1,2,2
"CARLOTTO, Remo Gerardo",FPV,Buenos Aires,0,2,2,2,2,1,1,1,1,1,1,1,1,1,1,1,1,1,1,1,1,1,2,2,2,2,2,2,2,2,1,1,1,1,1,1,2,1,1,1,1,1,1,1,1,1,1,1,1,1,1,1,1,1,1
"CARMONA, Guillermo",FPV,Mendoza,,,,,,,,,,,,,,,,,,,,,,,,,,,,,,,,,,,,,,,,,,1,1,1,1,1,1,1,1,1,1,1,1,1,1
"CARRANZA, Carlos Alberto",FPER,Santa Fe,1,2,2,2,1,1,1,1,1,1,0,2,1,2,2,2,2,2,2,2,1,1,1,2,1,1,1,1,1,1,1,1,2,1,1,1,0,0,1,2,1,0,0,0,0,1,1,0,1,0,0,1,1,2,2
"CARRIO, Elisa Maria",CC,Cdad. Aut. Bs. As.,0,2,2,2,2,2,2,2,2,2,2,2,2,2,2,2,2,2,2,2,2,2,2,2,2,2,2,2,2,1,1,1,2,2,2,2,2,2,2,2,2,2,2,2,2,2,2,2,2,2,2,2,2,2,2
"CASANAS, Juan Francisco",UCR,Tucuman,1,2,2,2,2,1,1,2,1,1,1,2,1,1,1,1,1,1,1,1,2,2,1,2,2,2,2,2,2,1,1,1,1,1,1,0,2,2,2,2,2,0,0,0,0,0,0,0,0,0,0,0,1,2,0
"CASELLES, Graciela Maria",FPV,San Juan,2,2,2,2,2,2,2,2,2,2,2,2,1,1,1,1,2,2,2,2,1,1,1,1,1,1,1,1,1,1,1,1,2,2,2,2,2,2,2,2,2,1,1,1,1,1,1,1,1,1,1,1,1,1,1
"CASTALDO, Norah Susana",UCR,Tucuman,1,1,1,1,1,1,1,1,9,9,9,1,1,2,1,1,1,1,1,1,9,2,2,2,2,2,2,2,2,2,1,1,1,1,2,0,9,0,1,9,1,,,,,,,,,,,,,,
"CASTAnON, Hugo",UCR,Rio Negro,2,2,2,2,2,2,2,2,2,2,2,2,2,2,2,2,2,2,2,2,1,1,1,1,0,1,1,1,1,1,1,1,1,1,1,1,2,2,2,1,2,0,0,0,0,0,0,0,0,0,2,2,2,2,2
"CATALAN MAGNI, Julio Cesar",FPV,Tierra del Fuego,,,,,,,,,,,,,,,,,,,,,,,,,,,,,,,,,,,,,,,,,,1,1,1,1,1,1,1,1,1,1,1,1,1,1
"CEJAS, Jorge Alberto",FPV,Rio Negro,0,1,1,1,2,2,2,2,2,2,2,2,1,1,1,1,1,1,1,1,1,1,1,1,1,1,1,1,9,1,1,1,1,1,1,1,0,1,1,1,1,1,1,1,1,1,1,1,1,1,1,1,1,1,1
"CHEMES, Jorge Omar",UCR,Entre Rios,1,1,1,1,1,1,1,1,1,1,1,1,1,1,1,1,1,1,1,1,9,1,1,1,0,1,1,1,1,1,1,1,1,1,1,1,1,2,2,2,1,0,0,0,0,0,0,0,0,0,0,0,1,2,2
"CHIENO, Maria Elena",FPV,Corrientes,0,2,2,2,2,2,2,2,2,2,2,2,2,2,2,2,2,2,2,2,1,1,1,1,1,1,1,1,1,1,1,1,1,2,1,1,1,1,1,1,1,1,1,1,1,1,1,1,1,1,1,1,1,1,1
"CHIQUICHANO, Rosa Laudelina",FPV,Chubut,2,2,2,2,2,2,2,2,2,2,2,2,1,1,1,1,1,1,1,1,1,1,1,1,1,1,1,1,1,1,2,2,2,1,1,2,2,2,2,2,1,,,,,,,,,,,,,,
"CIAMPINI, Alberto",FPV,Neuquen,,,,,,,,,,,,,,,,,,,,,,,,,,,,,,,,,,,,,,,,,,1,1,1,1,1,1,1,1,1,1,1,1,1,1
"CICILIANI, Alicia",PS,Santa Fe,0,1,1,1,2,2,2,2,1,1,0,1,1,1,1,1,1,1,1,1,1,2,2,1,0,1,1,1,1,1,1,1,1,1,1,1,1,1,1,1,1,0,0,0,0,1,9,0,1,0,0,0,1,1,1
"CIGOGNA, Luis Francisco Jorge",FPV,Buenos Aires,0,1,1,1,1,1,1,1,1,1,1,1,1,1,1,1,1,1,1,1,1,1,1,1,1,1,1,1,1,1,1,1,1,1,1,1,0,1,1,1,1,1,1,1,1,1,1,1,1,1,1,1,1,1,1
"CLERI, Marcos",FPV,Santa Fe,,,,,,,,,,,,,,,,,,,,,,,,,,,,,,,,,,,,,,,,,,1,1,1,1,1,1,1,1,1,1,1,1,1,1
"COMELLI, Alicia Marcela",OTROS,Neuquen,0,1,1,1,1,1,1,1,2,2,2,2,1,1,1,1,1,1,9,1,1,1,1,1,1,1,1,1,1,1,2,2,1,1,1,1,1,1,1,1,1,1,1,1,1,1,1,1,1,1,1,1,1,1,1
"COMI, Carlos Marcelo",CC,Santa Fe,0,1,1,1,1,1,1,1,0,0,0,1,1,1,1,1,1,1,2,2,2,1,1,1,1,2,2,2,2,1,1,1,1,1,1,1,1,1,1,1,1,0,0,0,0,0,0,0,9,0,0,1,2,2,1
"CONTI, Diana Beatriz",FPV,Buenos Aires,0,1,1,2,1,1,1,1,2,2,2,2,1,1,1,1,1,1,1,1,1,1,1,1,1,1,1,1,1,1,1,1,1,1,1,1,1,1,2,1,1,1,1,1,1,1,1,1,1,1,1,1,1,1,1
"CORDOBA, Stella Maris",FPV,Tucuman,0,1,1,1,1,1,1,1,1,1,1,1,1,1,1,1,1,1,1,1,1,1,1,1,1,1,1,9,1,2,2,2,2,1,1,1,1,1,1,1,1,1,1,1,1,1,1,1,1,1,1,1,1,1,1
"CORTINA, Roy",PS,Cdad. Aut. Bs. As.,0,1,1,1,1,1,1,2,2,2,2,2,1,2,2,2,2,2,2,2,1,1,1,2,2,2,2,2,2,1,1,1,1,1,1,1,1,1,1,1,1,0,0,0,0,1,9,0,1,0,0,0,2,1,1
"COSTA, Eduardo Raul",UCR,Santa Cruz,1,1,1,1,1,1,1,1,1,1,1,2,1,1,2,2,1,1,1,1,2,2,1,1,0,1,1,1,1,2,2,2,1,1,1,1,1,1,1,1,1,0,0,0,0,0,0,0,0,2,2,2,2,2,2
"CREMER de BUSTI, Maria Cristina",FPER,Entre Rios,1,1,1,1,1,1,1,1,1,1,1,0,1,1,1,1,1,1,1,1,1,1,2,2,2,2,2,2,2,1,1,1,1,1,1,1,9,1,1,1,1,0,0,0,0,1,1,0,1,0,0,1,1,2,2
"CUCCOVILLO, Ricardo Oscar",PS,Buenos Aires,0,2,2,2,2,2,2,2,2,2,2,2,2,2,2,2,2,2,2,2,1,2,1,1,0,1,1,1,1,1,1,1,1,2,2,1,1,1,2,1,2,0,0,0,0,1,9,0,1,0,2,2,1,1,1
"CURRILEN, Oscar Ruben",FPV,Chubut,2,2,2,2,2,2,2,2,2,2,2,2,1,1,1,1,1,1,1,1,1,1,1,1,1,1,1,1,1,1,1,1,1,1,1,1,1,1,1,1,1,1,1,1,1,1,1,1,1,1,1,1,1,1,1
"CUSINATO, Gustavo",UCR,Entre Rios,1,1,1,1,1,1,1,1,1,1,1,1,1,1,1,1,2,2,2,2,1,1,1,1,0,1,1,1,1,1,1,1,1,9,1,1,1,2,1,1,1,,,,,,,,,,,,,,
"DAHER, Zulema Beatriz",OTROS,Salta,1,1,1,1,2,2,2,2,2,2,2,2,1,2,2,2,2,2,2,2,2,1,1,1,1,1,1,1,1,1,1,1,2,2,1,2,0,0,1,1,1,,,,,,,,,,,,,,
"DAMILANO GRIVARELLO, Viviana Monica",FPV,Chaco,0,1,1,1,1,1,1,1,1,1,1,1,2,2,2,2,2,2,2,2,1,1,2,2,2,2,2,2,2,1,2,2,1,1,1,1,1,0,1,1,1,,,,,,,,,,,,,,
"DATO, Alfredo Carlos",FPV,Tucuman,0,1,1,1,1,1,1,1,1,1,1,1,1,1,1,1,1,1,1,1,1,1,1,1,1,1,1,1,1,1,1,1,1,1,1,1,0,1,1,2,2,1,1,1,1,1,1,1,1,1,1,1,1,1,1
"De FERRARI RUEDA, Patricia",UCR,Cordoba,,,,,,,,,,,,,,,,,,,,,,,,,,,,,,,,,,,,,,,,,,0,0,0,0,0,0,0,0,0,0,0,2,2,2
"De GENNARO, Victor",OTROS,Buenos Aires,,,,,,,,,,,,,,,,,,,,,,,,,,,,,,,,,,,,,,,,,,0,0,0,0,1,9,0,1,9,0,0,1,1,1
"de la ROSA, Maria Graciela",FPV,Formosa,0,1,1,1,1,1,1,1,1,1,1,1,1,1,1,1,1,1,1,2,1,1,1,2,2,1,1,1,1,2,1,1,1,1,1,1,9,9,1,1,1,,,,,,,,,,,,,,
"DE MARCHI, Omar Bruno",OTROS,Mendoza,1,2,2,2,2,2,2,2,2,2,2,2,2,2,1,1,1,1,1,2,9,1,1,2,2,2,2,2,2,1,2,2,1,1,1,0,0,0,2,0,0,0,0,0,0,0,1,0,0,0,0,1,1,2,2
"DE NARVAEZ, Francisco",FPER,Buenos Aires,1,2,2,2,2,2,2,2,2,2,2,2,1,2,2,2,2,2,2,2,2,2,1,1,0,1,1,1,1,2,2,2,2,2,2,1,0,2,2,2,2,0,0,0,0,1,1,0,1,0,2,2,1,2,2
"de PEDRO, Eduardo Enrique",FPV,Buenos Aires,,,,,,,,,,,,,,,,,,,,,,,,,,,,,,,,,,,,,,,,,,1,1,1,1,1,1,1,1,1,1,1,1,1,1
"de PRAT GAY, Alfonso",CC,Cdad. Aut. Bs. As.,0,1,2,1,1,1,1,1,0,9,0,2,1,1,1,1,1,1,1,1,9,1,1,1,0,1,9,2,2,1,1,1,2,2,2,2,2,2,2,2,2,0,0,0,0,0,0,0,9,0,0,1,1,2,1
"del CAMPILLO, Hector Eduardo",UCR,Cordoba,1,1,2,1,2,1,1,1,1,1,1,1,1,1,1,1,1,1,1,1,9,2,1,1,0,1,1,1,1,2,1,1,1,2,2,2,2,2,2,1,2,,,,,,,,,,,,,,
"DEPETRI, Edgardo Fernando",FPV,Buenos Aires,0,2,2,2,2,2,2,2,2,2,2,2,1,1,1,1,1,1,1,1,1,1,2,2,2,2,2,2,2,1,1,1,2,2,2,2,2,2,2,2,2,1,1,1,1,1,1,1,1,1,1,1,1,1,1
"di TULLIO, Juliana",FPV,Buenos Aires,0,1,1,1,1,2,2,2,2,2,2,2,1,1,1,9,1,1,2,2,1,1,1,1,1,1,1,1,1,1,1,1,1,1,1,1,1,1,1,1,1,1,1,1,1,1,1,1,1,1,1,1,1,1,1
"DIAZ BANCALARI, Jose Maria",FPV,Buenos Aires,0,1,1,1,1,1,1,1,1,1,1,1,1,1,1,1,1,1,1,1,1,1,1,1,1,1,1,1,1,1,1,1,1,1,1,1,1,1,1,1,1,1,1,1,1,1,1,1,1,1,1,1,1,1,1
"DIAZ ROIG, Juan Carlos",FPV,Formosa,0,2,1,1,1,1,2,1,1,1,1,1,1,1,1,1,2,2,2,2,1,1,1,1,1,1,1,1,1,1,1,1,1,1,2,2,2,2,2,2,2,1,1,1,1,1,1,1,1,1,1,1,1,1,1
"DIAZ, Susana Eladia",FPV,Tucuman,0,2,2,2,1,1,1,1,1,1,1,1,1,1,1,1,1,1,1,1,1,1,1,1,1,1,1,1,1,2,1,1,,,,,,,,,,,,,,,,,,,,,,,
"DONDA PEREZ, Victoria Analia",OTROS,Buenos Aires,0,1,9,1,0,1,1,1,2,2,2,2,1,2,1,1,1,1,1,1,1,2,1,2,2,1,9,1,1,2,1,1,2,2,2,2,2,2,2,2,2,0,0,0,0,1,9,0,1,0,0,0,1,1,1
"DONKIN, Carlos Guillermo",FPV,Formosa,0,1,1,1,1,1,1,1,1,1,1,1,1,1,1,1,1,1,1,1,1,1,1,1,1,1,1,1,1,2,1,1,1,1,1,1,9,9,1,1,1,1,1,1,1,1,1,1,1,1,1,1,1,1,1
"DUCLOS, Omar Arnaldo",OTROS,Buenos Aires,,,,,,,,,,,,,,,,,,,,,,,,,,,,,,,,,,,,,,,,,,0,0,0,0,1,9,0,1,0,0,0,1,1,1
"DUTTO, Gustavo Alberto",FPV,Buenos Aires,0,1,1,1,1,1,1,1,1,1,1,1,2,2,2,2,2,2,2,2,1,1,1,1,1,1,1,1,1,1,1,1,1,1,1,1,0,2,2,2,2,,,,,,,,,,,,,,
"ELICECHE, Carlos Tomas",FPV,Chubut,,,,,,,,,,,,,,,,,,,,,,,,,,,,,,,,,,,,,,,,,,1,1,1,1,1,1,1,1,1,1,1,1,1,1
"ELORRIAGA, Osvaldo",FPV,Entre Rios,,,,,,,,,,,,,,,,,,,,,,,,,,,,,,,,,,,,,,,,,,1,1,1,1,1,1,1,1,1,1,1,1,1,1
"ERRO, Norberto Pedro",UCR,Buenos Aires,1,1,2,1,1,1,1,1,1,1,9,1,1,1,1,1,1,1,1,1,1,2,1,1,0,1,1,1,1,1,1,1,1,1,2,2,2,2,2,2,2,,,,,,,,,,,,,,
"ESPINDOLA, Gladys Susana",UCR,Cordoba,2,2,2,2,2,2,2,2,2,2,2,2,2,2,2,2,2,2,2,2,1,2,1,1,0,1,1,1,1,2,1,1,1,1,2,2,2,2,2,2,2,0,0,0,0,0,0,0,0,0,0,0,1,2,2
"FADEL, Patricia Susana",FPV,Mendoza,2,2,2,2,2,2,2,2,2,2,2,2,2,2,2,2,2,2,2,2,1,1,1,1,1,1,1,1,1,,1,1,1,2,2,2,2,2,2,2,2,,,,,,,,,,,,,,
"FADUL, Liliana",OTROS,Tierra del Fuego,1,1,1,1,0,1,1,1,1,1,0,2,1,1,1,1,1,1,1,1,1,1,2,2,2,2,2,2,2,1,1,1,1,9,1,1,0,0,1,1,1,1,0,0,0,1,1,0,1,0,0,1,1,2,2
"FAUSTINELLI, Hipolito",UCR,Cordoba,1,1,1,1,1,1,1,1,1,1,1,1,1,1,1,1,2,2,1,1,1,2,1,1,0,1,1,1,1,2,1,1,2,2,1,1,2,2,2,2,2,0,0,2,0,0,0,0,0,0,0,0,2,2,2
"FAVARIO, Carlos Alberto",OTROS,Santa Fe,0,1,1,1,1,1,1,1,0,0,0,2,0,1,1,1,1,1,1,1,9,1,1,1,0,1,1,2,1,1,1,1,1,1,1,1,0,0,1,1,1,0,0,0,0,0,0,0,0,0,0,0,1,2,2
"FEIN, Monica Hayde",PS,Santa Fe,0,1,1,1,1,1,1,1,2,2,2,2,1,1,2,2,1,1,1,1,2,2,1,1,0,1,1,1,1,1,1,1,2,1,1,1,1,1,1,1,1,,,,,,,,,,,,,,
"FELETTI, Roberto",FPV,Cdad. Aut. Bs. As.,,,,,,,,,,,,,,,,,,,,,,,,,,,,,,,,,,,,,,,,,,1,1,1,1,1,1,1,1,1,1,1,1,1,1
"FELIX, Omar",FPV,Mendoza,2,1,1,1,1,1,2,2,2,2,2,2,2,2,2,2,2,2,2,2,1,2,2,2,2,2,2,2,2,1,1,1,2,2,2,2,2,2,2,2,2,1,1,1,1,1,1,1,1,1,1,1,1,1,1
"FELLNER, Eduardo Alfredo",FPV,Jujuy,,,,,,,,,,,,,,,,,,,,,,,,,,,,,,2,,,,,,,,2,,,,,,,,,,,,,,,,,
"FERNANDEZ SAGASTI, Anabel",FPV,Mendoza,,,,,,,,,,,,,,,,,,,,,,,,,,,,,,,,,,,,,,,,,,1,1,1,1,1,1,1,1,1,1,1,1,1,1
"FERNANDEZ, Rodolfo Alfredo",UCR,Corrientes,1,1,1,1,9,1,1,1,1,1,1,1,1,1,1,1,2,2,2,2,1,2,1,1,0,1,1,1,1,2,1,1,1,1,1,2,2,2,2,2,2,0,0,1,0,0,9,0,0,2,2,2,2,2,2
"FERRA de BARTOL, Margarita",FPV,San Juan,0,1,1,1,1,1,1,1,1,1,1,1,2,2,2,2,2,2,2,2,1,1,2,1,1,1,1,1,1,1,1,1,1,1,9,2,2,2,2,2,2,1,1,1,1,1,1,1,1,1,1,1,1,1,1
"FERRARI, Gustavo",FPER,Buenos Aires,1,1,1,1,1,1,1,1,2,2,2,2,1,1,2,2,2,2,2,2,9,1,2,1,0,1,1,1,1,1,1,2,1,1,2,1,0,0,2,2,1,0,0,0,0,1,1,0,1,0,0,1,2,2,2
"FERREYRA, Araceli",FPV,Corrientes,,,,,,,,,,,,,,,,,,,,,,,,,,,,,,,,,,,,,,,,,,1,1,1,1,1,1,1,1,1,1,1,1,1,1
"FIAD, Mario Raymundo",UCR,Jujuy,1,1,1,1,1,1,1,1,1,1,1,1,1,1,1,1,1,1,1,1,1,1,1,1,0,1,1,1,1,1,1,1,1,1,1,1,1,1,1,1,9,0,0,0,0,0,0,0,0,0,0,0,1,1,0
"FIOL, Paulina Esther",FPV,Santa Fe,0,1,1,1,1,1,1,1,1,1,1,1,1,1,1,1,1,1,1,1,1,1,1,1,1,1,1,1,1,1,1,1,1,1,1,1,1,1,1,1,1,,,,,,,,,,,,,,
"FIORE VInUALES, Cristina",OTROS,Salta,,,,,,,,,,,,,,,,,,,,,,,,,,,,,,,,,,,,,,,,,,1,1,1,1,1,1,1,1,1,1,1,1,1,1
"FLORES, Hector",CC,Buenos Aires,0,1,1,1,1,1,1,1,2,2,2,2,1,1,1,1,1,1,2,2,9,2,2,2,2,2,2,2,2,1,2,2,2,2,1,2,2,2,2,2,2,,,,,,,,,,,,,,
"FORCONI, Juan Carlos",OTROS,Santa Fe,0,2,2,1,1,1,1,1,1,1,1,1,1,1,1,1,1,1,1,1,1,1,1,2,2,2,2,1,1,1,1,1,1,1,1,2,2,2,2,2,2,1,1,1,1,1,1,1,1,1,1,1,1,9,1
"FORTE, Ulises",UCR,La Pampa,1,1,1,1,1,1,1,1,1,2,2,2,1,1,1,1,1,1,1,1,1,1,1,1,0,1,1,1,1,1,1,1,1,1,1,1,1,1,1,2,1,2,2,2,2,2,2,2,2,0,0,0,1,1,0
"FORTUNA, Francisco Jose",OTROS,Cordoba,1,1,1,1,1,1,1,1,1,1,0,1,1,1,2,1,1,1,1,1,1,1,1,1,1,1,1,1,1,1,1,1,1,1,1,1,0,0,1,1,1,1,1,1,1,1,1,1,1,2,1,1,1,1,1
"FRANCIONI, Fabian Marcelo",FPV,Cordoba,,,,,,,,,,,,,,,,,,,,,,,,,,,,,,,,,,,,,,,,,,1,1,1,1,1,1,1,1,1,1,1,1,1,1
"GALLARDO, Miriam Graciela",FPV,Tucuman,0,1,1,1,1,1,1,1,1,1,1,1,1,1,1,1,1,1,1,1,1,1,2,2,2,2,2,2,2,1,1,1,1,1,1,2,2,2,2,1,1,1,1,1,1,1,1,1,1,1,1,1,1,1,1
"GAMBARO, Natalia",FPER,Buenos Aires,1,1,1,1,1,2,2,2,2,2,2,2,2,2,2,2,2,2,2,2,9,1,2,2,2,2,2,2,2,1,1,2,1,1,1,1,1,1,2,1,1,0,0,0,0,1,1,0,1,0,0,1,2,2,2
"GARCIA LARRABURU, Silvina",FPV,Rio Negro,,,,,,,,,,,,,,,,,,,,,,,,,,,,,,,,,,,,,,,,,,1,1,1,1,1,1,1,1,1,1,1,1,1,1
"GARCIA, Andrea",FPV,Buenos Aires,,,,,,,,,,,,,,,,,,,,,,,,,,,,,,,,,,,,,,,,,,1,1,1,1,1,1,1,1,1,1,1,1,1,1
"GARCIA, Irma Adriana",OTROS,La Pampa,1,1,1,1,1,2,2,2,2,2,2,2,2,2,2,2,2,2,2,2,1,1,1,1,1,1,1,1,1,2,1,1,1,1,2,1,1,1,1,1,1,,,,,,,,,,,,,,
"GARCIA, Maria Teresa",FPV,Buenos Aires,0,1,1,1,1,1,1,1,1,1,1,1,1,1,1,1,1,1,2,1,1,1,1,1,1,1,1,1,1,1,1,1,1,2,1,1,1,1,1,1,1,1,1,1,1,1,1,1,1,1,1,1,1,1,1
"GARCIA, Susana Rosa",CC,Santa Fe,0,1,1,1,1,1,1,1,0,0,9,1,1,1,1,1,1,1,1,1,2,2,1,1,0,1,1,2,1,1,1,1,1,1,1,1,1,1,1,2,1,,,,,,,,,,,,,,
"GARDELLA, Patricia Susana",OTROS,Buenos Aires,1,1,1,1,1,1,1,1,2,2,2,2,1,2,2,2,2,2,2,2,1,1,1,1,1,1,1,1,1,1,1,1,1,1,1,0,2,2,2,2,2,,,,,,,,,,,,,,
"GARNERO, Estela",OTROS,Cordoba,1,1,1,1,9,1,1,1,2,2,2,1,1,2,1,1,1,1,9,2,1,1,1,1,1,1,1,9,1,1,1,1,1,1,1,1,0,9,1,1,1,2,2,2,2,2,2,2,2,2,1,1,2,2,2
"GARRAMUnO, Jorge",OTROS,Tierra del Fuego,,,,,,,,,,,,,,,,,,,,,,,,,,,,,,,,,,,,,,,,,,1,1,1,1,1,1,1,1,2,2,2,2,2,2
"GARRIDO, Manuel",UCR,Cdad. Aut. Bs. As.,,,,,,,,,,,,,,,,,,,,,,,,,,,,,,,,,,,,,,,,,,0,0,0,0,0,0,0,0,0,0,0,1,1,0
"GDANSKY, Carlos",FPV,Buenos Aires,,,,,,,,,,,,,,,,,,,,,,,,,,,,,,,,,,,,,,,,,,1,1,1,1,1,1,1,1,1,1,1,1,1,1
"GERMANO, Daniel",FPER,Santa Fe,2,2,2,2,2,2,2,2,2,2,2,2,1,2,2,2,2,2,2,2,1,1,1,1,1,2,2,2,2,1,1,1,1,1,1,1,0,0,1,2,1,0,0,0,0,1,1,0,1,0,0,1,1,2,2
"GIACCONE, Claudia Alejandra",FPV,Santa Fe,,,,,,,,,,,,,,,,,,,,,,,,,,,,,,,,,,,,,,,,,,1,1,1,1,1,1,1,1,1,1,1,1,1,1
"GIACOMINO, Daniel",FPV,Cordoba,,,,,,,,,,,,,,,,,,,,,,,,,,,,,,,,,,,,,,,,,,1,1,1,1,1,1,1,1,1,2,2,2,2,2
"GIANNETTASIO, Graciela Maria",FPV,Buenos Aires,0,1,1,1,1,1,1,1,1,1,1,1,1,1,1,1,1,1,1,1,1,1,1,1,1,1,1,1,1,1,1,1,1,1,1,1,1,1,1,1,1,1,1,1,1,1,1,1,1,1,1,1,1,1,1
"GIL LAVEDRA, Ricardo Rodolfo",UCR,Cdad. Aut. Bs. As.,1,1,1,1,1,1,1,1,1,1,1,1,1,1,1,1,1,1,1,1,1,1,1,1,0,1,1,1,1,1,1,1,1,1,1,1,1,1,1,2,1,0,0,0,0,0,0,0,0,0,0,0,1,1,0
"GIL LOZANO, Claudia Fernanda",CC,Cdad. Aut. Bs. As.,0,1,1,1,1,1,1,1,1,1,1,1,1,1,1,1,1,1,1,9,9,1,1,1,1,1,1,9,1,1,1,1,1,1,1,1,1,1,1,1,1,,,,,,,,,,,,,,
"GIOJA, Juan Carlos",FPV,San Juan,2,2,2,2,2,2,2,2,2,2,2,2,2,2,2,2,2,2,2,2,2,2,2,2,2,2,2,2,2,2,1,1,2,2,2,2,2,2,2,2,2,,,,,,,,,,,,,,
"GIUBERGIA, Miguel Angel",UCR,Jujuy,1,1,1,1,1,1,1,1,1,1,1,1,1,1,1,1,2,2,2,2,1,1,1,2,2,2,2,2,2,1,1,1,1,1,1,1,1,1,1,1,1,0,0,0,0,0,0,0,0,0,0,0,1,1,0
"GIUDICI, Silvana Myriam",UCR,Cdad. Aut. Bs. As.,1,1,2,1,1,1,1,1,1,1,1,1,1,1,1,9,1,1,1,9,1,2,1,1,0,1,1,1,1,1,1,1,1,1,1,1,1,1,2,1,1,,,,,,,,,,,,,,
"GODOY, Ruperto Eduardo",FPV,San Juan,0,1,1,1,1,1,1,1,1,1,1,1,1,1,1,1,1,1,1,1,1,1,1,1,1,1,1,1,1,1,1,1,2,2,2,1,1,1,2,2,2,,,,,,,,,,,,,,
"GONZALEZ, Gladys Esther",PRO,Buenos Aires,1,1,1,1,2,2,2,2,1,1,1,1,1,1,1,1,1,1,1,1,2,1,2,2,2,2,2,2,2,1,1,1,1,1,1,1,9,1,1,1,2,0,0,0,0,0,1,0,1,0,0,1,1,2,2
"GONZALEZ, Juan Dante",FPV,Mendoza,0,2,2,2,1,1,1,1,1,1,1,1,2,2,2,2,2,2,2,2,1,1,2,2,2,2,2,2,2,1,1,1,1,1,1,2,2,2,2,2,2,1,1,1,1,1,1,1,1,1,1,1,1,1,1
"GONZALEZ, Nancy Susana",FPV,Chubut,2,2,2,2,2,2,2,2,2,2,2,2,1,1,1,1,1,1,1,1,1,1,2,2,2,2,2,2,2,1,1,1,1,1,1,9,9,2,1,1,1,1,1,1,1,1,1,1,1,1,1,1,1,1,1
"GRANADOS, Dulce",FPV,Buenos Aires,2,2,2,2,2,2,2,2,2,2,2,2,1,1,1,1,1,1,1,1,1,1,2,2,2,2,2,2,2,1,2,2,1,1,1,2,2,2,2,2,2,1,1,1,1,1,1,1,1,1,1,1,1,1,1
"GRIBAUDO, Christian Alejandro",PRO,Buenos Aires,1,1,2,1,2,2,2,2,2,2,2,2,1,2,2,2,1,1,2,2,9,1,1,1,1,1,1,1,1,1,1,1,1,1,1,1,0,2,2,2,1,,,,,,,,,,,,,,
"GROSSO, Leonardo",FPV,Buenos Aires,,,,,,,,,,,,,,,,,,,,,,,,,,,,,,,,,,,,,,,,,,1,1,1,1,1,1,1,1,1,1,1,1,1,1
"GUCCIONE, Jose Daniel",FPV,Misiones,,,,,,,,,,,,,,,,,,,,,,,,,,,,,,,,,,,,,,,,,,1,1,1,1,1,1,1,1,1,1,1,1,1,1
"GULLO, Juan Carlos Dante",FPV,Cdad. Aut. Bs. As.,0,1,1,1,1,1,1,1,1,1,1,1,1,1,1,1,1,1,1,1,1,1,2,2,2,2,2,2,2,1,1,1,1,1,1,1,1,1,1,1,1,,,,,,,,,,,,,,
"GUTIERREZ, Monica",FPV,Cordoba,,,,,,,,,,,,,,,,,,,,,,,,,,,,,,,,,,,,,,,,,,1,1,1,1,1,1,1,1,1,1,1,1,1,1
"GUZMAN, Olga Elizabeth",OTROS,Neuquen,0,1,1,1,1,1,1,1,2,2,2,2,1,1,1,1,1,1,1,1,1,1,1,1,1,1,1,1,1,1,2,2,1,1,1,1,1,1,1,1,1,1,1,1,1,1,1,1,1,1,1,1,1,1,1
"HARISPE, Gaston",OTROS,Buenos Aires,,,,,,,,,,,,,,,,,,,,,,,,,,,,,,,,,,,,,,,,,,1,1,1,1,1,1,1,1,1,1,1,1,1,1
"HELLER, Carlos",OTROS,Cdad. Aut. Bs. As.,0,1,1,1,9,1,1,1,2,2,2,2,1,1,1,1,1,1,1,1,1,2,1,2,2,2,2,2,2,1,1,1,2,2,2,2,2,2,2,2,2,1,1,1,1,1,1,1,1,1,1,1,1,1,1
"HERRERA, Griselda",FPV,La Rioja,,,,,,,,,,,,,,,,,,,,,,,,,,,,,,,,,,,,,,,,,,1,1,1,1,1,1,1,1,1,9,1,1,1,1
"HERRERA, Jose Alberto",OTROS,Santiago del Estero,0,1,1,1,2,2,2,2,2,2,2,2,2,2,2,2,2,2,2,2,1,1,1,2,2,2,2,2,2,2,2,2,1,1,1,2,2,2,2,2,2,1,1,1,1,1,1,1,1,1,1,1,1,1,1
"HOTTON, Cynthia Liliana",OTROS,Cdad. Aut. Bs. As.,1,1,1,2,1,1,1,1,2,2,2,2,2,2,2,2,2,2,2,2,9,2,2,2,2,2,2,2,2,2,1,1,1,1,1,0,0,0,2,0,0,,,,,,,,,,,,,,
"IANNI, Ana Maria",FPV,Santa Cruz,,,,,,,,,,,,,,,,,,,,,,,,,,,,,,,,,,,,,,,,,,1,1,1,1,1,1,1,1,1,1,1,1,1,1
"IBARRA, Mauricio",OTROS,San Juan,2,2,2,2,2,2,2,2,2,2,2,2,2,2,2,2,2,2,2,2,2,2,1,1,1,1,1,1,1,1,9,1,1,1,1,0,0,0,1,0,1,1,0,0,1,1,1,0,1,2,1,1,2,2,2
"IBARRA, Vilma Lidia",OTROS,Cdad. Aut. Bs. As.,0,1,1,1,9,1,1,1,1,1,1,1,1,2,2,2,1,1,1,1,1,1,1,1,2,2,2,2,2,2,2,1,1,1,1,1,1,1,2,1,1,,,,,,,,,,,,,,
"IGLESIAS, Fernando Adolfo",CC,Cdad. Aut. Bs. As.,0,1,1,1,1,1,1,1,0,0,0,1,1,1,1,1,1,1,1,1,9,1,1,1,0,1,1,9,1,1,1,1,1,1,1,1,0,0,1,1,1,,,,,,,,,,,,,,
"IRRAZABAL, Juan Manuel",FPV,Misiones,0,2,2,1,1,2,2,2,2,2,2,2,1,1,1,1,1,1,1,1,2,2,1,2,2,1,1,1,1,2,1,1,2,2,2,2,2,2,2,2,2,,,,,,,,,,,,,,
"ITURRASPE, Nora Graciela",OTROS,Buenos Aires,0,1,9,1,0,1,1,1,0,0,0,1,1,2,2,2,2,2,2,2,1,9,1,9,0,1,9,1,1,1,1,1,1,1,1,1,1,1,1,1,1,0,0,0,0,1,9,0,1,9,0,0,1,1,1
"JUNIO, Juan Carlos Isaac",OTROS,Cdad. Aut. Bs. As.,,,,,,,,,,,,,,,,,,,,,,,,,,,,,,,,,,,,,,,,,,1,1,1,1,1,1,1,1,1,1,1,1,1,1
"JURI, Mariana",UCR,Mendoza,0,1,1,1,1,1,1,1,2,2,2,2,1,1,1,1,2,2,2,2,2,2,1,1,0,1,1,1,1,1,1,1,1,1,2,1,1,1,2,1,1,0,0,0,0,0,0,0,0,0,0,0,1,1,0
"KATZ, Daniel",UCR,Buenos Aires,1,1,1,1,2,2,2,2,2,2,2,2,1,1,1,1,1,1,1,1,1,2,1,2,2,2,2,2,2,1,1,1,2,2,2,2,2,2,2,2,2,,,,,,,,,,,,,,
"KENNY, Eduardo Enrique Federico",UCR,La Pampa,1,2,2,2,2,2,2,2,2,2,2,2,1,2,1,1,1,1,1,1,1,2,2,2,2,2,2,2,2,2,1,1,1,1,2,1,1,2,2,2,2,,,,,,,,,,,,,,
"KORENFELD, Beatriz Liliana",FPV,Santa Cruz,0,1,1,1,1,1,1,1,1,1,1,1,1,1,1,1,1,1,1,1,1,1,1,1,1,1,1,1,1,1,1,1,1,1,1,2,2,2,2,1,1,,,,,,,,,,,,,,
"KOSINER, Pablo Francisco",FPV,Salta,,,,,,,,,,,,,,,,,,,,,,,,,,,,,,,,,,,,,,,,,,1,1,1,1,1,1,1,1,1,1,1,1,1,1
"KRONEBERGER, Daniel Ricardo",UCR,La Pampa,,,,,,,,,,,,,,,,,,,,,,,,,,,,,,,,,,,,,,,,,,0,0,0,2,2,2,2,2,0,2,2,1,1,0
"KUNKEL, Carlos Miguel",FPV,Buenos Aires,0,1,1,1,1,1,1,1,1,1,1,1,1,1,1,1,1,1,1,1,1,1,1,1,1,1,1,1,1,1,1,1,1,1,1,1,0,1,1,1,1,1,1,1,1,1,1,1,1,1,1,1,1,1,1
"LANCETA, Ruben Orfel",UCR,Buenos Aires,2,2,1,1,2,1,2,2,2,2,2,2,1,2,1,1,1,1,1,1,1,2,2,2,2,2,2,2,2,1,1,1,1,1,1,1,1,1,2,2,1,,,,,,,,,,,,,,
"LANDAU, Jorge Alberto",FPV,Buenos Aires,0,2,2,2,1,1,2,2,1,1,1,1,1,1,2,1,2,2,2,2,2,2,1,1,1,1,1,1,1,1,1,1,2,2,2,1,1,2,1,1,1,1,1,2,1,1,1,1,1,1,1,1,1,1,1
"LARROQUE, Andres",FPV,Cdad. Aut. Bs. As.,,,,,,,,,,,,,,,,,,,,,,,,,,,,,,,,,,,,,,,,,,1,1,1,1,1,1,1,1,1,1,1,1,1,1
"LEDESMA, Julio Ruben",OTROS,Buenos Aires,2,2,2,2,2,2,2,2,2,2,2,2,2,2,2,2,2,2,2,2,1,1,1,2,2,2,2,2,2,1,2,2,1,1,2,2,2,2,2,2,2,1,2,2,2,2,2,2,2,1,1,1,1,1,2
"Legislador a Designar, Nro. 1",OTROS,Tucuman,,,,,,,,,,,,,,,,,,,,,,,,,,,,,,,,,2,2,2,2,2,2,2,2,2,,,,,,,,,,,,,,
"Legislador a Designar, Nro. 2",OTROS,Tucuman,,,,,,,,,,,,,,,,,,,,,,,,,,,,,,,,,2,2,2,2,2,2,2,2,2,,,,,,,,,,,,,,
"Legislador a Designar, Nro. 3",OTROS,Santiago del Estero,,,,,,,,,,,,,,,,,,,,,,,,,,,,,,,,,2,2,2,2,2,2,2,2,2,,,,,,,,,,,,,,
"Legislador a Designar, Nro. 4",OTROS,Tucuman,,,,,,,,,,,,,,,,,,,,,,,,,,,,,,,,,2,2,2,2,2,2,2,2,2,,,,,,,,,,,,,,
"LEGUIZAMON, Maria Laura",FPV,Buenos Aires,0,2,2,1,1,1,1,1,1,1,1,1,1,1,1,1,1,1,1,1,1,1,1,1,1,1,1,1,1,1,2,2,1,1,1,2,2,1,1,1,1,,,,,,,,,,,,,,
"LEVERBERG, Stella Maris",FPV,Misiones,0,1,1,1,2,2,2,2,2,2,2,2,1,1,1,1,1,1,1,1,1,1,1,2,2,2,2,2,2,1,1,1,1,1,1,1,1,1,1,1,1,1,1,1,1,1,1,1,1,1,1,1,1,1,1
"LINARES, Maria Virginia",OTROS,Buenos Aires,0,1,1,1,1,1,1,1,1,1,0,1,1,1,1,1,1,1,1,1,1,1,2,2,2,2,2,2,2,1,1,1,1,1,1,1,1,1,1,1,1,2,2,2,2,2,2,2,2,0,0,0,1,1,1
"LLANOS, Ermindo Edgardo Marcelo",FPV,Jujuy,0,1,1,1,2,2,2,2,2,2,2,2,1,1,1,1,1,1,1,1,1,1,2,2,2,2,2,2,2,1,1,1,1,1,1,1,0,0,1,2,1,2,2,2,2,2,2,2,2,2,2,2,2,2,2
"LLERA, Timoteo",FPV,Misiones,0,2,1,1,2,1,1,1,1,1,1,1,1,1,1,1,1,1,1,1,1,1,1,1,1,1,1,1,1,1,1,1,1,1,1,1,1,1,1,2,2,,,,,,,,,,,,,,
"LOPEZ ARIAS, Marcelo Eduardo",OTROS,Salta,2,1,1,1,1,1,1,1,1,1,1,1,1,2,2,2,2,2,2,2,1,1,2,2,2,2,2,2,2,9,1,1,1,1,1,2,2,2,1,1,1,,,,,,,,,,,,,,
"LOPEZ, Rafael Angel",FPV,Formosa,2,2,2,2,2,2,2,2,2,2,2,2,1,1,1,1,1,1,1,1,1,1,1,1,1,1,1,1,1,2,2,2,2,2,2,2,2,2,2,2,2,,,,,,,,,,,,,,
"LORGES, Juan Carlos",FPV,Buenos Aires,0,1,1,1,2,2,2,2,2,2,2,2,2,2,1,1,1,1,1,1,2,2,1,2,2,2,2,2,2,1,1,1,2,2,2,2,2,2,2,2,2,,,,,,,,,,,,,,
"LOTTO de VECCHIETTI, Ines Beatriz",FPV,Formosa,,,,,,,,,,,,,,,,,,,,,,,,,,,,,,,,,,,,,,,,,,1,1,1,1,1,1,1,1,1,1,1,1,1,1
"LOZANO, Claudio Raul",OTROS,Cdad. Aut. Bs. As.,0,2,2,2,2,2,2,2,2,2,2,2,2,2,2,2,2,2,2,2,1,9,1,2,2,2,2,2,2,2,1,1,1,1,1,1,1,1,1,1,1,0,0,0,0,1,9,0,1,9,0,0,1,1,1
"LUNA de MARCOS, Ana Zulema",OTROS,Santiago del Estero,0,1,1,1,1,1,1,1,1,1,1,1,1,1,1,1,1,1,1,1,1,1,1,1,1,1,1,1,1,2,1,1,1,1,1,2,2,2,2,2,1,,,,,,,,,,,,,,
"MACALUSE, Eduardo Gabriel",OTROS,Buenos Aires,0,1,9,1,0,1,1,1,0,0,0,1,1,1,1,1,1,1,1,1,1,9,1,9,0,1,9,1,1,1,1,1,1,1,1,1,0,1,1,2,1,,,,,,,,,,,,,,
"MAJDALANI, Silvia Cristina",PRO,Buenos Aires,1,1,1,1,1,1,1,2,2,2,2,2,2,2,2,2,2,2,2,2,9,2,2,2,2,2,2,2,2,1,2,2,1,1,1,1,0,0,1,1,1,0,0,0,0,0,1,2,2,0,0,1,1,2,2
"MALDONADO, Hugo",UCR,Chaco,,,,,,,,,,,,,,,,,,,,,,,,,,,,,,,,,,,,,,,,,,0,0,0,0,0,0,0,0,0,0,0,1,1,1
"MANSUR, Ricardo Alfredo",UCR,Mendoza,1,1,1,1,2,2,2,2,2,2,2,2,1,1,1,1,1,1,1,1,1,2,2,2,2,2,2,2,2,1,2,2,2,1,2,1,1,0,2,1,1,,,,,,,,,,,,,,
"MARCONATO, Gustavo Angel",FPV,Santa Fe,0,1,1,1,1,2,2,2,2,2,2,2,1,1,1,1,1,1,1,1,1,1,1,1,1,1,1,1,1,1,1,1,2,2,2,2,2,2,2,2,2,,,,,,,,,,,,,,
"MARTIARENA, Mario Humberto",OTROS,Jujuy,0,1,1,1,1,2,2,2,2,2,2,2,1,1,1,1,1,1,1,1,1,1,1,1,1,1,1,1,1,2,1,1,1,1,1,1,0,0,1,1,1,,,,,,,,,,,,,,
"MARTINEZ ODDONE, Heriberto Agustin",UCR,Cordoba,1,1,1,1,1,1,1,1,1,1,1,1,1,1,1,1,2,2,2,2,1,1,2,2,2,2,2,2,2,1,1,1,1,1,1,2,1,2,2,2,1,,,,,,,,,,,,,,
"MARTINEZ, Ernesto Felix",OTROS,Cordoba,1,1,2,2,2,2,2,2,2,2,2,2,2,2,2,2,2,2,2,2,1,1,1,2,2,2,2,2,2,2,1,1,1,2,1,0,0,0,1,1,1,0,0,0,0,1,9,0,2,0,0,0,1,1,2
"MARTINEZ, Julio Cesar",UCR,La Rioja,1,1,1,1,2,1,1,1,1,1,1,1,1,2,2,2,2,2,2,2,2,2,1,2,2,2,2,2,2,2,1,1,1,1,1,2,2,2,2,2,2,0,0,0,0,0,0,0,0,0,0,0,1,1,0
"MARTINEZ, Oscar Ariel",FPV,Santa Fe,,,,,,,,,,,,,,,,,,,,,,,,,,,,,,,,,,,,,,,,,,1,1,1,1,1,1,1,1,1,1,1,1,1,1
"MARTINEZ, Soledad",PRO,Buenos Aires,1,1,1,1,1,1,1,1,1,1,1,1,1,9,1,1,1,1,2,2,9,1,1,1,1,1,1,1,1,1,2,2,1,1,1,1,0,1,1,1,1,0,0,0,0,0,1,0,1,0,0,1,1,2,2
"MAZZARELLA, Susana del Valle",OTROS,Cordoba,1,1,1,1,2,2,2,2,2,2,2,2,2,2,2,2,2,2,2,2,1,1,1,2,2,2,2,2,2,2,1,1,1,1,1,1,0,0,1,1,1,0,0,0,0,1,9,0,1,0,0,0,1,1,1
"MENDOZA, Mayra",FPV,Buenos Aires,,,,,,,,,,,,,,,,,,,,,,,,,,,,,,,,,,,,,,,,,,1,1,1,1,1,1,1,1,1,1,1,1,1,1
"MENDOZA, Sandra Marcela",FPV,Chaco,0,2,2,2,1,2,2,2,1,1,1,1,1,1,1,1,1,1,1,1,1,1,2,2,2,2,2,2,2,1,1,1,2,2,2,2,2,2,2,2,2,1,1,1,1,1,1,1,1,1,2,1,1,1,1
"MERA, Dalmacio",FPV,Catamarca,0,2,2,2,2,2,2,2,2,2,2,2,1,1,1,1,1,1,2,2,1,1,2,2,2,2,2,2,2,1,1,1,1,1,1,2,2,2,2,2,2,,,,,,,,,,,,,,
"MERCHAN, Paula Cecilia",OTROS,Cordoba,0,1,2,1,0,2,2,2,2,2,2,2,1,2,2,2,1,1,1,1,1,9,2,2,2,2,2,2,2,2,2,1,2,2,2,1,1,1,1,2,2,,,,,,,,,,,,,,
"MERLO, Mario Raul",OTROS,San Luis,1,1,1,1,2,2,2,2,2,2,2,2,2,2,2,2,2,2,2,2,1,1,1,1,1,1,1,1,1,2,1,1,2,2,2,2,2,2,2,2,2,,,,,,,,,,,,,,
"METAZA, Mario Alfredo",FPV,Santa Cruz,,,,,,,,,,,,,,,,,,,,,,,,,,,,,,,,,,,,,,,,,,1,1,1,1,1,1,1,1,1,1,1,1,1,1
"MICHETTI, Marta Gabriela",PRO,Cdad. Aut. Bs. As.,2,2,2,2,2,2,2,2,2,2,2,2,1,2,2,2,2,2,2,2,9,1,1,1,1,1,1,1,1,1,2,2,1,1,1,2,2,2,2,2,2,0,0,2,2,2,2,2,2,0,2,2,2,2,2
"MILMAN, Gerardo Fabian",OTROS,Buenos Aires,0,2,2,2,1,1,1,1,1,1,0,1,1,1,1,1,1,1,2,2,1,2,1,2,2,2,2,2,2,1,1,1,1,1,1,1,1,1,1,1,1,2,2,2,2,2,2,2,2,1,0,0,1,2,2
"MIRKIN, Beatriz Graciela",FPV,Tucuman,,,,,,,,,,,,,,,,,,,,,,,,,,,,,,,,,,,,,,,,,,1,1,1,1,1,1,1,1,1,1,1,1,1,1
"MOLAS, Pedro Omar",OTROS,Catamarca,1,1,1,1,2,2,2,1,1,1,1,1,1,1,1,1,1,1,1,1,1,1,1,1,1,1,1,1,1,1,1,1,1,1,1,0,2,0,1,0,0,0,0,0,0,0,0,0,0,0,0,0,2,2,2
"MOLINA, Isauro",FPV,Catamarca,,,,,,,,,,,,,,,,,,,,,,,,,,,,,,,,,,,,,,,,,,1,1,1,1,1,1,1,1,1,1,1,1,1,1
"MONGELO, Jose Ricardo",FPV,Chaco,,,,,,,,,,,,,,,,,,,,,,,,,,,,,,,,,,,,,,,,,,1,1,1,1,1,1,1,1,1,1,1,1,1,1
"MONTOYA, Jorge Luciano",OTROS,Cordoba,0,2,2,2,2,2,2,2,2,2,2,2,2,2,2,2,2,2,2,2,1,1,1,1,1,1,1,1,1,1,1,1,1,1,1,1,1,1,1,2,2,,,,,,,,,,,,,,
"MORAN, Juan Carlos",CC,Buenos Aires,0,1,1,1,2,2,2,2,2,2,2,2,1,1,1,9,1,1,1,1,9,1,1,1,0,2,2,2,2,2,1,1,1,9,1,1,2,2,2,2,2,,,,,,,,,,,,,,
"MORANTE, Antonio Arnaldo Maria",FPV,Chaco,0,1,1,1,1,2,2,2,1,1,1,1,2,2,2,2,2,2,2,2,1,1,2,2,2,2,2,2,2,1,9,1,1,1,1,1,1,0,1,1,1,,,,,,,,,,,,,,
"MOREJON, Manuel Amor",OTROS,Chubut,2,2,2,2,2,2,2,2,2,2,2,2,1,1,1,1,1,1,1,1,2,2,1,1,1,1,1,1,1,1,1,1,1,1,1,1,1,1,1,1,1,,,,,,,,,,,,,,
"MORENO, Carlos Julio",FPV,Buenos Aires,0,2,1,1,1,1,1,1,1,1,1,1,1,1,1,1,1,1,1,1,1,1,2,1,1,1,1,1,1,1,1,1,1,1,1,1,1,1,1,1,1,1,1,1,1,1,1,1,1,1,1,1,1,1,1
"MOUILLERON, Roberto Mario",OTROS,Buenos Aires,1,1,1,1,2,1,1,1,1,1,0,1,1,1,2,2,2,2,2,2,1,1,1,1,1,1,1,1,1,1,1,1,1,1,1,1,0,0,1,1,1,1,1,2,1,1,1,1,1,9,1,1,1,0,1
"MOYANO, Juan Facundo",FPV,Buenos Aires,,,,,,,,,,,,,,,,,,,,,,,,,,,,,,,,,,,,,,,,,,1,1,1,1,1,1,1,1,1,2,2,2,2,2
"MULLER, Edgar",FPER,Cordoba,,,,,,,,,,,,,,,,,,,,,,,,,,,,,,,,,,,,,,,,,,0,0,0,0,1,1,0,1,0,0,1,1,2,2
"MULLER, Mabel Hilda",FPV,Buenos Aires,,,,,,,,,,,,,,,,,,,,,,,,,,,,,,,,,,,,,,,,,,1,1,1,1,1,1,1,1,1,2,2,2,2,2
"NAVARRO, Graciela",OTROS,Santiago del Estero,,,,,,,,,,,,,,,,,,,,,,,,,,,,,,,,,,,,,,,,,,1,1,1,1,1,1,1,1,1,1,1,1,1,1
"NEBREDA, Carmen Rosa",FPV,Cordoba,0,1,2,1,1,1,1,1,1,1,1,1,1,1,1,1,1,1,1,1,1,1,1,1,1,1,1,1,1,1,1,1,1,1,1,1,1,1,1,1,1,1,1,1,1,1,1,1,1,1,1,1,1,1,1
"NEGRI, Mario",UCR,Cordoba,,,,,,,,,,,,,,,,,,,,,,,,,,,,,,,,,,,,,,,,,,0,0,0,0,0,0,0,0,0,0,0,1,1,0
"OBEID, Jorge Alberto",OTROS,Santa Fe,0,2,2,1,2,2,2,2,2,2,2,2,1,1,2,2,2,2,2,2,1,1,1,2,2,1,1,9,1,1,1,1,1,1,1,2,2,2,2,2,2,,,,,,,,,,,,,,
"OBIGLIO, Julian Martin",PRO,Cdad. Aut. Bs. As.,1,1,1,1,1,1,1,1,1,1,1,1,2,9,1,1,2,2,2,2,2,1,1,1,1,1,1,1,1,1,1,1,2,1,1,0,0,0,0,1,0,0,0,0,0,0,1,0,1,0,0,1,1,2,2
"OCAnA, Maria Graciela",OTROS,Buenos Aires,,,,,,,,,,,,,,,,,,,,,,,,,,,,,,,,,,,,,,,,,,2,2,2,2,2,2,2,2,2,2,2,2,2,2
"OLIVA, Cristian Rodolfo",OTROS,Santiago del Estero,0,1,1,1,1,2,2,2,2,2,2,2,1,1,1,1,1,1,1,1,1,1,1,2,2,2,2,2,2,2,1,1,1,1,1,2,2,2,2,2,2,1,1,1,1,1,1,1,1,1,1,1,2,1,1
"OLMEDO, Alfredo Horacio",OTROS,Salta,2,2,2,2,2,2,2,2,2,2,2,2,1,2,2,2,2,2,2,2,2,2,1,2,2,1,1,1,1,1,1,1,1,1,1,0,2,0,1,1,1,2,2,2,2,2,2,2,2,2,2,2,2,2,2
"OPORTO, Mario Nestor",FPV,Buenos Aires,,,,,,,,,,,,,,,,,,,,,,,,,,,,,,,,,,,,,,,,,,1,1,1,1,1,1,1,1,1,1,1,1,1,1
"ORSOLINI, Pablo Eduardo",UCR,Chaco,0,1,1,1,1,1,1,1,2,2,2,2,1,1,1,1,1,1,1,1,1,1,2,2,2,2,2,2,2,1,1,1,1,2,1,1,1,1,1,1,1,0,0,0,0,0,0,0,0,0,0,0,1,1,0
"ORTIZ CORREA, Marcia",FPV,Catamarca,,,,,,,,,,,,,,,,,,,,,,,,,,,,,,,,,,,,,,,,,,1,1,1,1,1,1,1,1,1,1,1,1,1,1
"ORTIZ, Mariela",FPV,Jujuy,,,,,,,,,,,,,,,,,,,,,,,,,,,,,,,,,,,,,,,,,,1,1,1,1,1,1,1,1,1,1,1,1,1,1
"PAIS, Juan Mario",FPV,Chubut,0,1,1,1,1,1,1,2,1,1,1,1,1,1,1,1,1,1,1,1,1,1,1,1,1,1,1,1,1,1,1,1,1,1,1,1,1,1,1,1,1,1,1,1,1,1,1,1,1,1,1,1,1,1,1
"PANSA, Sergio Horacio",FPER,San Luis,1,1,1,1,1,1,1,1,1,1,1,1,2,2,2,2,2,2,2,2,1,1,1,1,1,1,1,1,1,1,1,1,1,1,1,1,1,1,1,1,1,0,0,0,0,0,1,0,1,0,0,1,1,2,2
"PARADA, Liliana",OTROS,Cdad. Aut. Bs. As.,0,1,9,1,2,1,1,1,0,0,0,1,2,2,2,2,2,2,2,2,1,9,2,2,2,2,2,2,2,2,2,2,1,1,1,1,1,1,1,1,1,0,0,0,0,1,9,0,1,9,0,0,1,1,1
"PAREDES URQUIZA, Alberto Nicolas",FPV,La Rioja,0,1,1,1,1,2,2,2,2,2,2,2,1,1,1,1,1,1,1,2,1,1,1,1,1,1,1,1,1,1,1,1,1,1,1,9,0,9,1,1,1,,,,,,,,,,,,,,
"PAROLI, Raul Omar",OTROS,Catamarca,1,1,1,1,2,2,2,1,1,1,1,1,1,1,1,1,1,1,1,1,1,1,1,1,1,1,1,1,1,1,1,1,1,1,1,0,2,0,1,0,1,,,,,,,,,,,,,,
"PASINI, Ariel Osvaldo",FPV,Buenos Aires,2,1,1,1,1,1,1,1,1,1,1,1,1,1,1,1,1,1,1,1,1,1,1,1,1,1,1,1,1,1,1,1,1,1,1,1,1,1,1,9,1,,,,,,,,,,,,,,
"PASTORIZA, Mirta Ameliana",OTROS,Santiago del Estero,0,1,1,1,1,1,1,1,1,1,1,1,1,1,1,1,1,1,1,1,1,1,1,1,1,1,1,1,1,2,1,1,1,1,1,1,1,1,1,1,1,1,1,1,1,1,1,1,1,1,1,1,2,1,1
"PERALTA, Fabian Francisco",OTROS,Santa Fe,0,1,1,1,1,1,1,1,1,1,0,1,1,1,1,2,2,2,2,2,1,2,1,1,0,1,1,1,1,1,1,1,1,1,1,1,1,1,2,1,2,0,0,0,0,1,9,0,1,0,0,0,1,1,1
"PEREYRA, Guillermo Antonio",FPV,Mendoza,0,1,1,1,1,1,1,1,1,1,1,1,2,2,2,2,2,2,2,2,2,2,1,2,2,1,1,1,1,1,2,2,2,2,2,2,2,2,2,2,2,,,,,,,,,,,,,,
"PEREZ, Adrian",CC,Buenos Aires,0,2,2,2,2,2,2,2,2,2,2,2,1,1,1,9,2,2,2,2,9,1,1,2,2,2,2,2,2,2,1,1,1,2,2,1,2,1,1,2,1,,,,,,,,,,,,,,
"PEREZ, Alberto Jose",FPER,San Luis,1,1,1,1,1,1,1,1,1,1,0,1,2,2,2,2,2,2,2,2,1,2,1,1,1,1,1,1,1,1,1,1,1,1,1,0,0,0,1,0,1,0,0,0,0,1,1,0,1,0,0,1,1,2,2
"PEREZ, Jorge Raul",OTROS,Santiago del Estero,0,1,1,1,1,1,1,1,1,1,1,1,1,1,1,1,1,1,1,1,1,1,1,1,1,1,1,1,1,2,1,1,,,,,,,,,,,,,,,,,,,,,,,
"PERIE, Hugo Ruben",FPV,Corrientes,0,2,2,2,2,2,2,2,2,2,2,2,2,2,2,2,2,2,2,2,2,2,1,1,1,1,1,1,1,2,,,,,,,,,,,,,,,,,,,,,,,,,
"PERIE, Julia Argentina",FPV,Misiones,0,2,2,1,2,1,1,1,1,1,1,1,1,1,1,1,1,1,1,1,1,1,1,1,1,1,1,1,1,2,1,1,1,1,1,1,1,1,1,1,2,1,1,1,1,1,1,1,1,1,9,1,1,1,1
"PEROTTI, Omar",FPV,Santa Fe,,,,,,,,,,,,,,,,,,,,,,,,,,,,,,,,,,,,,,,,,,1,1,1,1,1,1,1,1,1,1,1,1,1,1
"PERRONI, Ana Maria",FPV,Corrientes,,,,,,,,,,,,,,,,,,,,,,,,,,,,,,,1,1,1,1,1,1,1,1,1,1,1,1,1,1,1,1,1,1,1,1,1,1,1,1,1
"PIEMONTE, Hector Horacio",CC,Buenos Aires,0,1,1,1,1,1,1,1,0,0,0,1,1,1,1,9,1,1,1,1,9,1,1,1,0,1,2,2,2,1,1,1,1,1,1,1,1,1,1,1,1,0,0,0,0,0,0,0,9,0,0,1,1,2,1
"PIETRAGALLA  CORTI, Horacio",FPV,Buenos Aires,,,,,,,,,,,,,,,,,,,,,,,,,,,,,,,,,,,,,,,,,,1,1,1,1,1,1,1,1,1,1,1,1,1,1
"PILATTI VERGARA, Maria Ines",FPV,Chaco,0,2,2,1,1,1,1,1,1,1,1,1,1,1,1,1,1,1,1,1,1,1,2,2,2,2,2,2,2,1,1,1,1,1,1,1,1,1,1,2,2,1,1,1,1,1,1,1,1,1,1,1,1,1,1
"PINEDO, Federico",PRO,Cdad. Aut. Bs. As.,1,1,1,1,1,1,1,1,1,1,1,1,1,9,1,1,2,2,2,2,9,1,1,2,2,2,2,2,2,1,1,1,1,1,1,1,0,0,1,1,1,0,0,1,0,2,2,2,2,0,0,1,1,2,2
"PINTO, Sergio Damian",UCR,Mendoza,1,1,1,1,1,1,2,1,1,1,1,1,1,1,1,1,1,1,1,1,1,2,1,1,0,1,1,1,1,1,1,1,1,2,2,1,2,2,2,2,2,,,,,,,,,,,,,,
"PLAINI, Francisco Omar",FPV,Buenos Aires,0,1,2,1,2,2,2,2,1,1,1,1,1,1,1,1,1,1,1,1,1,1,2,1,1,1,1,1,1,1,1,1,1,1,1,1,0,1,1,1,1,1,1,1,1,1,1,1,1,1,1,1,1,2,2
"PORTELA, Agustin Alberto",UCR,Corrientes,1,1,1,1,1,2,2,2,1,1,1,1,1,1,1,1,1,1,1,1,1,2,2,2,2,2,2,2,2,2,1,1,1,1,9,9,2,2,2,2,9,0,0,9,0,0,0,0,0,0,0,0,1,2,2
"PRADINES, Roberto Arturo",OTROS,Mendoza,,,,,,,,,,,,,,,,,,,,,,,,,,,,,,,,,,,,,,,,,,0,0,0,0,0,1,0,0,2,2,2,2,2,2
"PRIETO, Hugo Nelson",OTROS,Neuquen,0,1,1,1,1,2,2,2,2,2,2,2,1,2,2,2,2,2,2,2,1,1,1,2,2,2,2,2,2,1,1,1,1,1,1,1,1,1,1,2,1,,,,,,,,,,,,,,
"PUCHETA, Ramona",OTROS,Buenos Aires,,,,,,,,,,,,,,,,,,,,,,,,,,,,,,,,,,,,,,,,,,0,0,0,0,1,2,2,2,2,0,0,2,2,2
"PUERTA, Federico Ramon",FPER,Misiones,2,1,1,2,2,2,2,2,2,2,2,2,2,2,2,2,2,2,2,2,2,2,2,2,2,2,2,2,2,1,2,2,2,2,2,2,2,2,2,2,2,0,0,0,0,1,1,0,2,0,0,1,2,2,2
"PUIGGROS, Adriana Victoria",FPV,Buenos Aires,0,1,1,1,1,1,1,1,1,1,1,1,1,1,1,1,1,1,1,1,1,1,1,1,1,1,1,1,2,1,1,1,1,1,1,1,1,1,1,1,1,1,1,1,1,1,1,1,1,1,1,1,1,1,1
"QUINTERO, Marta Beatriz",FPV,La Rioja,2,2,2,2,2,2,2,2,2,2,2,2,1,1,1,1,1,1,1,1,1,1,1,1,1,1,1,1,1,1,1,1,1,1,1,9,9,9,1,1,1,,,,,,,,,,,,,,
"QUIROGA, Horacio Rodolfo",UCR,Neuquen,9,1,1,1,1,1,1,1,1,1,1,1,2,2,2,2,2,2,2,2,2,1,1,2,2,2,2,2,2,1,2,2,,,,,,,,,,,,,,,,,,,,,,,
"QUIROZ, Elsa Siria",CC,Buenos Aires,0,1,1,1,2,1,1,1,0,0,0,1,1,1,1,1,1,1,1,1,9,1,1,1,0,9,1,2,2,1,1,1,1,1,9,1,1,1,1,9,9,,,,,,,,,,,,,,
"RAIMUNDI, Carlos",OTROS,Buenos Aires,,,,,,,,,,,,,,,,,,,,,,,,,,,,,,,,,,,,,,,,,,1,1,1,1,1,1,1,1,1,1,1,1,1,1
"RASINO, Elida Elena",PS,Santa Fe,,,,,,,,,,,,,,,,,,,,,,,,,,,,,,,,,,,,,,,,,,0,0,0,0,1,9,0,1,0,0,0,1,1,1
"RE, Hilma Leonor",CC,Entre Rios,0,1,1,1,1,1,1,1,0,0,0,1,1,1,1,1,1,1,1,1,9,1,1,1,0,2,2,2,2,1,1,1,2,1,1,1,0,0,1,1,1,0,0,0,0,0,0,0,9,0,0,1,1,2,0
"RECALDE, Hector Pedro",FPV,Buenos Aires,0,1,1,1,1,1,1,1,1,1,1,1,1,1,2,2,2,2,2,2,1,1,1,1,1,1,1,1,1,1,1,1,2,2,2,2,2,2,2,2,2,2,2,2,2,2,2,2,2,2,2,2,2,2,2
"REDCZUK, Oscar",FPV,Misiones,,,,,,,,,,,,,,,,,,,,,,,,,,,,,,,,,,,,,,,,,,1,1,1,1,1,1,1,1,1,1,1,1,1,1
"REGAZZOLI, Maria Cristina",OTROS,La Pampa,0,1,1,1,1,1,1,1,1,1,1,1,1,1,1,1,1,1,1,1,1,1,1,1,1,1,1,1,1,1,1,1,1,1,1,1,1,1,1,1,1,1,1,1,1,1,1,1,1,1,1,1,1,1,1
"REYES, Maria Fernanda",CC,Cdad. Aut. Bs. As.,0,1,1,1,2,1,1,1,0,0,0,1,1,1,1,1,1,1,1,1,9,1,1,1,0,1,1,9,1,1,2,2,1,1,1,1,1,1,1,1,1,,,,,,,,,,,,,,
"RIESTRA, Antonio Sabino",OTROS,Santa Fe,,,,,,,,,,,,,,,,,,,,,,,,,,,,,,,,,,,,,,,,,,0,0,0,0,1,9,0,1,9,0,0,1,1,1
"RIOBOO, Sandra Adriana",UCR,Buenos Aires,1,1,1,1,9,2,2,2,2,2,2,2,2,2,2,2,2,2,2,2,1,1,1,1,0,2,2,2,2,2,1,1,1,1,1,1,1,1,2,1,1,,,,,,,,,,,,,,
"RIOS, Fabian",FPV,Corrientes,,,,,,,,,,,,,,,,,,,,,,,,,,,,,,,,,,,,,,,,,,1,1,1,1,1,1,1,1,1,1,1,1,1,1
"RIOS, Liliana",FPV,Entre Rios,,,,,,,,,,,,,,,,,,,,,,,,,,,,,,,,,,,,,,,,,,1,1,1,1,1,1,1,1,1,1,1,1,1,1
"RISKO, Silvia Lucrecia",FPV,Misiones,0,1,1,1,1,1,1,1,1,1,1,1,2,2,2,2,2,2,2,2,1,1,2,2,2,2,2,2,2,1,1,1,1,1,1,1,1,1,1,1,1,1,1,1,1,1,1,1,1,1,1,1,1,1,1
"RIVARA, Raul Alberto",OTROS,Buenos Aires,1,2,2,2,2,2,2,2,2,2,2,2,1,1,2,2,2,2,2,2,1,1,1,2,2,2,2,2,2,1,1,1,1,1,1,1,1,1,1,1,1,1,1,1,1,1,1,1,1,9,1,1,1,0,1
"RIVAROLA, Ruben Armando",FPV,Jujuy,,,,,,,,,,,,,,,,,,,,,,,,,,,,,,,,,,,,,,,,,,1,1,1,1,1,1,1,1,1,1,1,1,1,1
"RIVAS, Jorge",FPV,Buenos Aires,2,2,2,2,2,2,2,2,2,2,2,2,2,2,2,2,2,2,2,2,1,1,1,1,1,1,1,1,0,1,1,1,1,1,1,1,1,1,1,1,1,1,1,1,1,1,1,1,1,1,1,1,2,2,2
"ROBERTI, Alberto Oscar",FPER,Buenos Aires,,,,,,,,,,,,,,,,,,,,,,,,,,,,,,,,,,,,,,,,,,0,0,2,2,2,2,2,2,0,2,2,1,2,2
"ROBLEDO, Roberto Ricardo",OTROS,La Pampa,2,1,1,1,1,1,1,1,1,1,1,1,1,1,1,1,1,1,1,1,1,1,1,2,1,1,1,1,1,1,1,1,1,1,1,1,1,1,1,1,2,1,1,1,1,1,1,1,1,1,1,1,1,1,1
"RODRIGUEZ, Evaristo Arturo",FPV,Santa Cruz,0,1,1,1,1,1,1,1,1,1,1,1,1,1,1,1,1,1,1,1,1,1,1,1,1,1,1,2,2,1,1,1,1,2,1,1,1,1,1,1,1,,,,,,,,,,,,,,
"RODRIGUEZ, Marcela Virginia",OTROS,Buenos Aires,0,1,1,1,2,1,2,1,2,2,2,2,1,1,9,9,1,1,1,1,9,2,9,2,2,2,2,2,2,1,1,1,1,1,2,1,1,1,1,1,2,0,0,0,0,0,9,0,0,0,0,0,1,1,9
"ROGEL, Fabian Dulio",UCR,Entre Rios,,,,,,,,,,,,,,,,,,,,,,,,,,,,,,,,,,,,,,,,,,0,0,0,0,0,0,2,0,0,0,0,1,1,2
"ROSSI, Agustin Oscar",FPV,Santa Fe,2,1,1,1,1,1,1,1,1,1,1,1,1,1,1,1,1,1,1,1,1,1,1,1,1,1,1,1,1,1,1,1,1,1,1,1,1,1,1,1,1,1,1,1,1,1,1,1,1,1,1,1,1,1,1
"ROSSI, Alejandro Luis",FPV,Santa Fe,0,1,1,1,1,1,1,1,1,1,1,1,2,2,2,2,1,1,1,1,1,1,1,1,1,1,1,1,1,2,1,1,1,1,1,1,1,1,2,2,2,,,,,,,,,,,,,,
"ROSSI, Cipriana Lorena",OTROS,Rio Negro,2,2,2,2,2,2,2,2,2,2,2,2,1,2,2,2,2,2,2,2,1,1,2,2,2,2,2,2,2,1,2,2,1,1,1,2,1,0,2,1,1,,,,,,,,,,,,,,
"RUCCI, Claudia Monica",FPER,Buenos Aires,1,1,1,1,2,2,2,2,2,2,2,2,1,2,1,1,2,2,2,2,2,2,1,1,1,1,1,1,1,1,1,2,1,1,1,1,0,1,1,1,1,0,2,2,2,2,2,2,2,0,0,2,1,2,2
"RUIZ, Aida",OTROS,Santiago del Estero,,,,,,,,,,,,,,,,,,,,,,,,,,,,,,,,,,,,,,,,,,1,1,1,1,1,1,1,1,1,1,1,2,1,1
"SABBATELLA, Martin",OTROS,Buenos Aires,0,1,1,1,9,1,1,1,2,2,2,2,1,1,1,1,1,1,1,1,1,1,1,2,2,2,2,2,2,2,1,1,1,1,1,1,1,1,2,1,1,1,1,1,1,1,1,1,1,1,1,1,1,1,1
"SACCA, Luis Fernando",UCR,Tucuman,,,,,,,,,,,,,,,,,,,,,,,,,,,,,,,,,,,,,,,,,,0,0,0,0,0,0,0,0,0,0,0,1,1,0
"SALIM, Juan Arturo",FPV,Tucuman,0,2,2,1,1,1,1,1,1,1,1,1,1,1,1,1,1,1,1,1,1,1,1,1,1,1,1,1,1,1,1,1,1,2,1,1,1,1,1,1,1,1,1,1,1,1,1,1,1,1,1,1,1,1,1
"SANTILLAN, Marcelo",FPV,Tucuman,,,,,,,,,,,,,,,,,,,,,,,,,,,,,,,,,,,,,,,,,,1,1,1,1,1,1,1,1,1,1,1,1,1,1
"SANTIN, Eduardo",UCR,Buenos Aires,,,,,,,,,,,,,,,,,,,,,,,,,,,,,,,,,,,,,,,,,,0,0,0,0,0,9,0,0,0,0,0,1,1,0
"SATRAGNO, Lidia Elsa",PRO,Buenos Aires,1,1,1,1,2,2,2,2,2,2,2,2,2,2,2,2,2,2,2,2,2,2,2,2,2,2,2,2,2,1,1,1,2,1,1,1,0,2,1,1,2,,,,,,,,,,,,,,
"SCALESI, Juan Carlos",OTROS,Rio Negro,1,1,1,1,1,1,1,1,1,1,1,1,1,1,1,1,1,1,1,1,1,2,1,2,2,2,2,2,2,1,2,2,2,2,2,1,0,9,1,2,1,,,,,,,,,,,,,,
"SCHMIDT-LIERMANN, Cornelia",PRO,Cdad. Aut. Bs. As.,,,,,,,,,,,,,,,,,,,,,,,,,,,,,,,,,,,,,,,,,,0,0,0,0,0,1,0,1,0,0,1,1,2,2
"SCIUTTO, Ruben Dario",FPV,Tierra del Fuego,2,2,2,2,2,2,2,2,2,2,2,2,1,1,1,1,1,1,2,2,1,1,1,1,1,1,1,1,1,2,1,1,1,2,1,1,1,1,1,1,2,1,1,1,1,1,1,1,1,1,1,1,1,1,1
"SEGARRA, Adela Rosa",FPV,Buenos Aires,0,1,1,1,2,1,1,1,1,1,1,1,1,1,1,2,2,2,2,2,1,1,1,1,1,1,9,1,9,1,1,1,2,2,2,1,1,1,2,2,2,1,1,1,1,1,1,1,1,1,1,1,1,1,1
"SEREBRINSKY, Gustavo Eduardo",UCR,Buenos Aires,1,1,1,1,1,1,1,2,1,2,1,1,1,1,1,1,1,1,1,1,1,1,2,2,2,2,2,2,2,1,2,2,2,2,2,2,2,2,2,2,2,,,,,,,,,,,,,,
"SIMONCINI, Silvia",FPV,Santa Fe,,,,,,,,,,,,,,,,,,,,,,,,,,,,,,,,,,,,,,,,,,1,1,1,1,1,1,1,1,1,1,1,1,1,1
"SLUGA, Juan Carlos",FPV,Buenos Aires,0,1,1,1,1,1,1,1,1,1,1,1,2,2,2,2,2,2,2,2,1,1,1,1,1,1,1,1,1,1,1,1,1,1,2,2,2,2,2,2,2,,,,,,,,,,,,,,
"SOLA, Felipe Carlos",OTROS,Buenos Aires,2,1,1,1,1,1,1,1,1,1,0,1,1,1,1,1,1,1,1,1,1,1,1,1,1,1,1,1,1,1,1,1,1,1,1,1,1,1,1,2,1,1,1,1,1,1,1,1,1,9,1,1,1,0,1
"SOLANAS, Fernando Ezequiel",OTROS,Cdad. Aut. Bs. As.,0,2,2,2,0,2,2,2,0,0,0,1,1,1,1,1,2,2,2,2,1,2,2,2,2,2,2,2,2,1,2,2,1,1,1,1,1,2,1,2,2,0,0,0,2,2,2,2,2,9,0,2,2,2,2
"SOLANAS, Julio Rodolfo",FPV,Entre Rios,,,,,,,,,,,,,,,,,,,,,,,,,,,,,,,,,,,,,,,,,,1,1,1,1,1,1,1,1,1,1,1,1,1,1
"SOTO, Gladys Beatriz",FPV,Chaco,,,,,,,,,,,,,,,,,,,,,,,,,,,,,,,,,,,,,,,,,,1,1,1,1,1,1,1,1,1,1,1,1,1,1
"STOLBIZER, Margarita Rosa",OTROS,Buenos Aires,0,2,2,2,1,1,1,1,1,1,0,1,1,2,2,2,2,2,2,2,1,1,1,1,0,1,1,1,9,1,1,1,1,1,1,1,1,2,2,1,1,0,0,0,0,1,9,0,1,0,0,0,1,1,2
"STORANI, Maria Luisa",UCR,Buenos Aires,1,1,1,1,1,1,1,1,1,1,1,1,1,1,1,1,1,1,1,1,1,1,1,1,0,1,1,1,1,1,1,1,1,1,1,1,1,1,1,1,2,0,0,0,0,2,0,0,0,0,2,2,2,1,0
"STORNI, Silvia",UCR,Cordoba,2,1,1,1,1,1,1,1,1,1,9,1,2,9,1,1,1,1,1,1,1,2,2,2,2,1,1,1,1,2,1,1,1,1,2,1,1,1,1,1,1,,,,,,,,,,,,,,
"TERADA, Alicia",CC,Chaco,0,1,1,1,2,1,1,2,2,2,2,2,1,2,2,2,2,2,2,2,9,1,1,1,0,2,2,2,2,2,2,2,1,1,1,1,2,2,2,2,2,0,0,1,0,0,0,0,9,2,2,2,2,2,2
"THOMAS, Enrique Luis",FPER,Mendoza,1,1,1,1,1,2,2,2,1,1,0,1,1,1,2,2,2,2,2,2,1,1,1,2,2,2,2,2,2,1,2,2,1,1,1,1,0,1,1,1,1,0,0,0,0,1,1,0,1,0,2,2,2,2,2
"TINEO, Javier Hector",FPV,La Rioja,,,,,,,,,,,,,,,,,,,,,,,,,,,,,,,,,,,,,,,,,,1,1,1,1,1,1,1,1,1,1,1,1,1,1
"TOMAS, Daniel",FPV,San Juan,0,1,1,1,1,1,1,1,1,1,1,1,1,1,1,1,1,1,1,1,1,1,1,1,1,1,1,1,1,1,1,1,1,1,1,2,2,2,2,2,2,1,1,1,1,1,1,1,1,1,1,1,1,1,1
"TONELLI, Pablo Gabriel",PRO,Cdad. Aut. Bs. As.,,,,,,,,,,,,,,,,,,,,,,,,,,,,,,,,,,,,,,,,,,0,0,0,0,0,1,0,1,0,0,1,1,2,2
"TORFE, Monica Liliana",OTROS,Salta,0,2,2,2,1,1,1,1,1,1,1,1,2,2,2,2,2,2,2,2,1,1,2,1,1,1,1,1,1,1,1,1,1,1,1,1,1,0,1,1,1,,,,,,,,,,,,,,
"TRIACA, Alberto Jorge",PRO,Cdad. Aut. Bs. As.,1,2,2,2,2,2,2,2,2,2,2,2,1,1,1,1,2,2,2,2,9,1,1,1,1,1,1,1,1,1,1,2,1,1,1,2,2,2,2,2,2,0,0,0,0,0,1,0,1,0,0,1,1,2,2
"TUNESSI, Juan Pedro",UCR,Buenos Aires,1,1,1,1,1,1,1,1,1,1,1,1,1,1,1,1,1,1,1,1,1,1,1,1,0,1,1,1,1,1,1,1,1,1,1,1,1,1,1,1,1,0,0,0,0,0,0,0,0,0,0,0,1,1,0
"UnAC, Jose Ruben",FPV,San Juan,,,,,,,,,,,,,,,,,,,,,,,,,,,,,,,,,,,,,,,,,,1,1,1,1,1,1,1,1,1,1,1,1,1,1
"URLICH, Carlos",UCR,Chaco,1,1,1,1,1,1,1,1,1,1,1,1,2,2,2,2,2,2,2,2,1,2,1,1,0,1,1,9,1,2,1,1,1,1,1,1,2,2,2,1,1,,,,,,,,,,,,,,
"VALINOTTO, Jorge",OTROS,Cordoba,,,,,,,,,,,,,,,,,,,,,,,,,,,,,,,,,,,,,,,,,,0,0,0,0,0,9,0,1,9,0,0,1,2,2
"VAQUIE, Enrique",UCR,Mendoza,,,,,,,,,,,,,,,,,,,,,,,,,,,,,,,,,,,,,,,,,,0,0,0,0,0,0,0,0,0,0,0,1,1,0
"VARGAS AIGNASSE, Geronimo",FPV,Tucuman,0,1,1,1,2,2,2,2,2,2,2,2,2,2,2,2,2,2,2,2,2,2,1,1,1,1,1,1,1,2,2,2,,,,,,,,,,,,,,,,,,,,,,,
"VAZQUEZ, Silvia Beatriz",OTROS,Buenos Aires,0,2,2,2,2,2,2,2,2,2,2,2,1,1,1,1,2,2,2,2,1,2,2,2,2,2,2,2,2,1,1,1,1,1,1,1,1,1,1,2,2,,,,,,,,,,,,,,
"VEAUTE, Mariana Alejandra",OTROS,Catamarca,2,2,2,2,2,2,2,2,2,2,2,2,1,1,1,1,1,1,1,1,2,2,2,2,2,2,2,2,2,2,1,1,1,1,1,1,1,1,1,2,1,0,0,0,0,0,0,0,0,0,0,0,1,2,2
"VEGA, Juan Carlos",CC,Cordoba,0,1,2,2,2,2,2,2,2,2,2,2,1,1,1,1,1,1,1,1,9,1,2,2,2,2,2,2,2,1,1,1,1,1,1,1,0,1,1,1,2,,,,,,,,,,,,,,
"VIALE, Lisandro Alfredo",PS,Entre Rios,0,1,1,1,1,2,2,2,1,1,0,1,1,2,1,2,1,1,1,1,1,1,1,1,0,1,1,1,1,1,1,1,1,1,1,1,1,1,1,1,1,,,,,,,,,,,,,,
"VIDELA, Nora",FPER,San Luis,1,1,1,1,1,1,2,2,2,2,2,2,2,2,2,2,2,2,2,2,1,1,2,2,2,2,2,2,2,1,1,1,1,1,1,0,0,0,1,1,1,0,0,0,0,1,1,0,1,0,0,1,1,2,2
"VILARInO, Jose Antonio",FPV,Salta,0,1,1,1,1,2,2,2,2,2,2,1,1,1,2,2,1,1,1,1,1,1,1,1,1,1,1,1,1,1,1,1,1,1,1,1,9,1,1,1,1,1,1,1,1,1,1,1,1,1,1,1,1,1,1
"VILLA, Jose Antonio",FPV,San Juan,,,,,,,,,,,,,,,,,,,,,,,,,,,,,,,,,,,,,,,,,,1,1,1,1,1,1,1,1,1,1,1,1,1,1
"VILLATA, Graciela",OTROS,Cordoba,,,,,,,,,,,,,,,,,,,,,,,,,,,,,,,,,,,,,,,,,,0,0,0,0,1,9,0,1,0,0,0,1,1,1
"WAYAR, Walter Raul",OTROS,Salta,0,2,2,2,2,2,2,2,2,2,2,2,1,1,1,1,1,1,1,1,1,1,1,2,2,2,2,2,2,1,1,1,1,1,1,1,1,1,1,1,1,1,1,1,1,1,1,1,1,1,1,1,1,1,1
"WEST, Mariano Federico",FPV,Buenos Aires,0,1,1,1,1,1,1,1,1,1,1,1,1,1,1,1,1,1,1,1,1,1,2,2,2,2,2,2,2,2,1,1,1,1,1,1,1,1,1,1,1,,,,,,,,,,,,,,
"YAGÃ›E, Linda",UCR,Neuquen,,,,,,,,,,,,,,,,,,,,,,,,,,,,,,,,,1,2,2,1,1,2,2,2,2,0,0,0,0,0,0,0,0,0,2,2,2,2,2
"YARADE, Fernando",FPV,Salta,0,1,1,1,1,2,2,2,2,2,2,2,1,1,1,9,1,1,1,1,1,1,2,2,2,2,2,2,2,1,1,1,1,1,1,1,1,1,1,2,2,1,1,1,1,1,1,1,1,1,1,1,1,1,1
"YAZBEK, Ruben David",FPV,Catamarca,,,,,,,,,,,,,,,,,,,,,,,,,,,,,,,,,,,,,,,,,,1,1,1,1,1,1,1,1,1,1,1,1,1,1
"YOMA, Jorge Raul",FPV,La Rioja,2,2,2,2,2,2,2,2,2,2,2,2,2,2,2,2,2,2,2,2,1,1,2,2,2,2,2,2,2,2,1,1,2,1,1,2,2,2,2,2,2,1,1,1,1,1,1,1,1,1,1,1,1,1,1
"ZABALZA, Juan Carlos",PS,Santa Fe,,,,,,,,,,,,,,,,,,,,,,,,,,,,,,,,,,,,,,,,,,0,0,0,0,1,9,0,1,0,2,0,1,1,1
"ZAVALLO, Gustavo Marcelo",OTROS,Entre Rios,1,1,1,1,1,1,1,1,1,1,0,1,1,1,1,1,1,1,1,1,1,1,2,2,2,2,2,2,2,1,1,1,1,1,1,2,2,2,2,2,2,,,,,,,,,,,,,,
"ZIEBART, Cristina Isabel",FPV,Chubut,,,,,,,,,,,,,,,,,,,,,,,,,,,,,,,,,,,,,,,,,,1,1,1,1,1,1,1,1,1,1,1,1,1,1
"ZIEGLER, Alex Roberto",FPV,Misiones,0,1,1,1,2,2,2,2,2,2,2,2,1,1,1,1,1,1,1,1,1,1,1,2,2,2,2,2,2,1,1,1,1,1,1,1,0,1,1,1,1,1,1,1,1,1,1,1,1,1,1,1,1,1,1
